rufas_id,Name,Fd_Category,feed_type,DM,ash,CP,N_A,N_B,N_C,Kd,RUP,dRUP,sol_prot,ADICP,NDICP,ADF,NDF,NDF48,lignin,starch,WSC,FA,EE,DE_Base,calcium,phosphorus,magnesium,potassium,sodium,chlorine,sulfur,copper,iron,manganese,zinc,molibdenum,chromium,cobalt,iodine,selenium,arginine,histidine,isoleucine,leucine,lysine,methionine,phenylalanine,threonine,triptophan,valine,C120_FA,C140_FA,C160_FA,C161_FA,C180_FA,C181t_FA,C181c_FA,C182_FA,C183_FA,otherFA_FA,NPN_source,starch_digested,FA_dig,P_inorg,P_org,B_Carotene,biotin,choline,niacin,Vit_A,Vit_D,Vit_E,Abs_calcium,Abs_phosphorus,Abs_sodium,Abs_chloride,Abs_potassium,Abs_copper,Abs_iron,Abs_magnesium,Abs_manganesum,Abs_zinc,is_fat,is_wetforage,units,limit,lower_limit,TDN,DE
1,Alfalfa meal,Plant Protein,Forage,90.749,11.657,19.513,28,66,6,6.7,35.576,75,37.042,1.619,3.974,33.882,42.853,49.097,7.55,1.83,8.264,1.608,2.351,2.499,1.496,0.266,0.3,2.327,0.122,0.671,0.257,8.834,951.066,49.516,23.12,1.708,0.5,0,0,0.4,4.036,1.867,3.795,6.566,4.398,1.265,4.398,3.916,1.627,4.819,1.167,0.584,20.096,1.706,3.346,0,3.019,21.067,44.926,4.089,0,91,73,55,45,0,0,0,0,0,0,0,0.3,0.768,1,0.92,1,0.05,0.1,0.31,0.004,0.2,FALSE,FALSE,kg,100,0,56.45,2.6
2,Almond hulls,By-Product/Other,Conc,88.201,7.624,5.25,30,35,35,5.3,54.394,50,37.003,1.449,1.942,27.639,33.005,43.94,9.53,0.928,36.419,1.26,2.517,2.434,0.267,0.117,0.119,2.822,0.023,0.078,0.041,5.803,290.851,16.795,15.847,1.062,0,0,0,0.07,2.23,0.86,2.35,4.05,2.74,0.9,2.8,2.7,1,3.53,0.222,0.054,14.493,0.262,3.908,0,50.817,23.39,3.246,3.608,0,91,73,86,14,0,0,0,0,0,0,0,0.6,0.818,1,0.92,1,0.05,0.1,0.31,0.004,0.2,FALSE,FALSE,kg,100,0,58.36,2.53
3,"Apple pomace or byproduct, wet",By-Product/Other,Conc,18.234,2.922,6.419,42,53,5,7.4,29.767,80,19.704,1.981,3.38,38.581,45.725,66.333,15.948,3.524,25.533,1.88,5.966,2.283,0.146,0.144,0.083,0.844,0.021,0.038,0.075,8.908,172.237,12.417,8.175,1,0,0,0,0,4.52,1.86,3.13,5.58,3.93,1.38,3.31,3.04,0.88,4.11,0.6,1.2,26.9,0.6,3.9,0,7.8,48.8,10.1,0.1,0,91,73,0,100,0,0,0,0,0,0,0,0.6,0.68,1,0.92,1,0.05,0.1,0.31,0.004,0.2,FALSE,FALSE,kg,100,0,57.09,2.48
4,Bakery byproduct,By-Product/Other,Conc,90.129,4.368,12.832,48,44,8,16.18,21.904,90,17.97,0.457,1.057,5.613,12.664,52,1.692,51.667,19,7.682,8.682,3.593,0.369,0.348,0.147,0.471,0.601,0.621,0.168,6.17,236.617,30.332,31.446,0,0,0,0,0.2,4.63,2.222,3.426,6.944,2.685,1.481,4.537,3.056,1.204,4.352,0.487,3.161,15.816,0.179,9.286,7.771,26.411,33.509,0.851,2.529,0,91,73,48,52,0,0,0,0,0,0,0,0.6,0.757,1,0.92,1,0.05,0.1,0.31,0.004,0.2,FALSE,FALSE,kg,100,0,93.49,4.09
5,"Bakery byproduct, bread waste",By-Product/Other,Conc,67.441,3.567,14.9,48,44,8,16.18,21.904,90,20.574,0.623,1.036,3.201,6.345,52,1.293,53.462,11.419,4.756,5.756,3.656,0.221,0.26,0.094,0.326,0.645,0.928,0.211,4.194,125.012,21.15,25.145,1.053,0,0,0,0.2,4.74,2.61,4,7.77,2.91,1.73,5.44,3.36,1.15,4.42,0,5.211,18.855,0,1.017,0,13.904,56.83,3.813,0.37,0,91,73,48,52,0,0,0,0,0,0,0,0.6,0.757,1,0.92,1,0.05,0.1,0.31,0.004,0.2,FALSE,FALSE,kg,100,0,89.4,3.96
6,"Bakery byproduct, cereal",By-Product/Other,Conc,91.137,3.541,9.195,34,62,4,20,19.133,75,18.209,1.066,1.529,3.058,7.202,52,1.493,47.632,28.068,1.949,2.949,3.436,0.217,0.276,0.083,0.311,0.591,0.79,0.123,3.331,189.346,21.79,55.37,1,0,0,0,0.2,6.84,2.82,3.15,6.16,4.05,1.57,3.97,3.26,1.37,4.5,0,5.211,18.855,0,1.017,0,13.904,56.83,3.813,0.37,0,91,73,48,52,0,0,0,0,0,0,0,0.6,0.757,1,0.92,1,0.05,0.1,0.31,0.004,0.2,FALSE,FALSE,kg,100,0,87.62,3.79
7,"Bakery byproduct, cookies",By-Product/Other,Conc,89.269,4.594,12.94,48,44,8,16.18,21.904,90,22.311,1.129,2.105,7.625,14.436,52,2.169,36.208,18.163,9.037,10.037,3.583,0.239,0.416,0.168,0.571,0.592,0.795,0.169,6.568,171.647,39.99,40.819,1.079,0,0,0,0.2,4.19,1.77,3.12,7.12,1.71,1.83,4.78,3.14,0.88,4.58,0.487,3.161,15.816,0.179,9.286,7.771,26.411,33.509,0.851,2.529,0,91,73,48,52,0,0,0,0,0,0,0,0.6,0.757,1,0.92,1,0.05,0.1,0.31,0.004,0.2,FALSE,FALSE,kg,100,0,95.04,4.11
8,"Barley grain, dry, ground",Energy Source,Conc,88.742,2.818,11.806,30,61,9,22.7,22.438,85,25.312,0.697,1.378,7.332,18.634,51.545,1.724,56.666,4.911,1.311,2.309,3.361,0.115,0.381,0.14,0.59,0.021,0.15,0.137,5.527,89.425,20.391,33.79,1.046,0,0,0,0.11,4.907,2.222,3.426,6.759,3.611,1.667,5.093,3.333,1.204,4.815,0,0.317,22.966,0.055,1.526,0,13.541,55.933,4.341,1.321,0,91,73,15,85,0,0,0,0,0,0,0,0.6,0.704,1,0.92,1,0.05,0.1,0.31,0.004,0.2,FALSE,FALSE,kg,100,0,82.68,3.64
11,Barley malt sprouts,By-Product/Other,Conc,81.164,5.873,23.884,47,45,8,13.325,23.786,64.411,39.947,0.859,5.126,18.339,40.516,63,2.612,8.559,15.899,1.46,2.726,3.109,0.193,0.614,0.18,1.114,0.053,0.364,0.335,9.926,180.162,46.203,64.565,1.359,0,0,0,0.6,4.55,1.905,3.228,5.714,4.709,1.481,3.439,3.386,1.27,4.55,0,0.317,22.966,0.055,1.526,0,13.541,55.933,4.341,1.321,0,91,73,67,33,0,0,0,0,0,0,0,0.6,0.787,1,0.92,1,0.05,0.1,0.31,0.004,0.2,FALSE,FALSE,kg,100,0,66.39,3.06
12,"Barley silage, headed",Grain Crop Forage,Forage,36.959,5.919,10.875,57,33,10,6.95,27.246,83.314,61.374,0.949,1.298,26.349,44.757,50,3.808,23.868,7,2.064,3.08,2.855,0.316,0.288,0.177,1.571,0.106,0.47,0.184,5.959,172.431,31.264,25.886,0.765,0,0,0,0.1,1.04,1.21,3.45,4.88,2.35,1.16,3.42,2.51,1.42,4.8,0.8,5.5,43.4,0,4.1,0,7.3,12.3,2.4,24.2,0,91,73,67,33,0,0,0,0,0,0,0,0.4,0.787,1,0.92,1,0.05,0.1,0.31,0.004,0.2,FALSE,TRUE,kg,100,0,60.22,2.68
15,"Beet pulp, dry",By-Product/Other,Conc,92.298,5.238,9.922,5,90,5,2,70.608,80,20.58,1.304,5.465,28.246,46.852,79,3.88,0.642,5.7,0.63,1.055,2.739,0.773,0.083,0.261,0.494,0.114,0.076,0.197,8.098,588.18,78.412,20.673,1,1.2,0,0,0.14,3.735,3.133,3.494,5.904,5.783,1.566,3.614,4.458,1.084,5.542,0,0,26.659,0.388,0.89,0.141,11.551,49.831,6.35,4.19,0,91,73,0,100,0,0,0,0,0,0,0,0.6,0.68,1,0.92,1,0.05,0.1,0.31,0.004,0.2,FALSE,FALSE,kg,100,0,69.11,3.03
18,Bermudagrass hay,Grass/Legume Forage,Forage,93.373,8.044,10.991,36,52,12,8.1,33.832,65,32.971,0.843,4.157,34.942,65.408,54.153,5.406,4.895,7.707,1.252,1.928,2.4,0.491,0.195,0.208,1.709,0.154,0.739,0.405,9.762,220.846,58.755,33.948,1.119,0,0,0,0.27,3.88,1.63,3.32,6.22,3.49,1.3,3.92,3.6,1.24,4.51,2.825,1.178,30.297,1.423,3.989,1.14,3.322,18.785,20.754,16.287,0,91,73,67,33,0,0,0,0,0,0,0,0.4,0.787,1,0.92,1,0.05,0.1,0.31,0.004,0.2,FALSE,FALSE,kg,100,0,52.89,2.35
22,"Blood meal, high dRUP",By-Product/Other,Conc,90.864,3.25,95.06,10,61,29,1.9,74.507,85,19.466,4.251,5.674,0,0,0,0,0,0,1.31,1.691,4.518,0.135,0.276,0.048,0.425,0.415,0.351,0.736,6.051,2266.571,4.492,33.261,0,0,0,0,0.6,4.204,5.998,1.076,12.399,8.767,1.155,6.794,4.552,1.581,8.318,0.11,1.48,21.62,1.02,21.66,5.13,26.47,14.89,0.46,7.16,0,91,73,10,90,0,0,0,0,0,0,0,0.6,0.696,1,0.92,1,0.05,0.1,0.31,0.004,0.2,FALSE,FALSE,kg,100,0,76.36,4.35
23,"Blood meal, low dRUP",By-Product/Other,Conc,90.864,3.25,95.06,10,61,29,1.9,74.507,65,19.466,4.251,5.674,0,0,0,0,0,0,1.31,1.691,3.724,0.135,0.276,0.048,0.425,0.415,0.351,0.736,6.051,2266.571,4.492,33.261,0,0,0,0,0.7,4.204,5.998,1.076,12.399,8.767,1.155,6.794,4.552,1.581,8.318,0.11,1.48,21.62,1.02,21.66,5.13,26.47,14.89,0.46,7.16,0,91,73,10,90,0,0,0,0,0,0,0,0.6,0.696,1,0.92,1,0.05,0.1,0.31,0.004,0.2,FALSE,FALSE,kg,100,0,65.86,3.76
24,"Brewers grains, dry",By-Product/Other,Conc,93.12,4.58,25.33,18,67,15,4.5,52.336,74,17.654,3.12,8.6,24.741,51.77,51.5,6.657,6.45,3.777,8.31,9.025,2.951,0.304,0.643,0.225,0.234,0.02,0.089,0.295,15.975,350,54.2,85.706,1.922,0,0,0,1.06,5.797,2.283,4.022,8.297,3.551,2.138,5.543,3.587,1.341,5.471,0.138,0.731,26.692,0.202,2.241,0,14.605,48.873,4.572,1.946,0,91,73,12,88,0,0,0,0,0,0,0,0.6,0.699,1,0.92,1,0.05,0.1,0.31,0.004,0.2,FALSE,FALSE,kg,100,0,71.34,3.38
25,"Brewers grains, wet",By-Product/Other,Conc,22.461,4.557,28.085,47,44,9,3.9,37.323,82.83,11.217,2.944,3.955,23.772,49.294,47.25,6.636,5.167,2.009,7.61,9.519,3.099,0.362,0.688,0.232,0.12,0.025,0.058,0.321,10.38,223.475,53.025,93.881,2.343,0,0,0,1.06,5.797,2.283,4.022,8.297,3.551,2.138,5.543,3.587,1.341,5.471,0.028,0.398,24.491,0.199,1.835,0,11.229,53.82,5.371,2.629,0,91,73,12,88,0,0,0,0,0,0,0,0.6,0.699,1,0.92,1,0.05,0.1,0.31,0.004,0.2,FALSE,FALSE,kg,100,0,71.56,3.38
30,"Canola seed, ground",By-Product/Other,Conc,94.956,4.501,23.364,35,60,5,20.1,19.73,50,49.32,2.795,4.534,20.21,28.735,45,6.009,2.419,6,39.462,40.462,4.281,0.443,0.69,0.335,0.85,0.013,0.077,0.426,3.944,298.056,47.444,40.167,1.4,0,0,0,0.56,5.934,2.656,3.934,6.918,5.508,1.967,4,4.426,1.344,5.115,0,0.188,9.762,0.905,2.237,0.613,45.207,31.451,7.713,1.924,0,91,73,8,92,0,0,0,0,0,0,0,0.6,0.693,1,0.92,1,0.05,0.1,0.31,0.004,0.2,FALSE,FALSE,kg,100,0,127.36,5.6
31,Canola meal,By-Product/Other,Conc,89.128,7.882,41.492,22,71,7,10.537,32.121,74,24.995,2.497,4.747,20.335,28.96,49.379,8.509,1.57,11.005,2.514,3.514,3.104,0.79,1.152,0.621,1.358,0.077,0.102,0.768,5.776,253.246,73.327,64.39,1.122,0,0,0,1.01,5.934,2.656,3.934,6.918,5.508,1.967,4,4.426,1.344,5.115,0,0.188,9.762,0.905,2.237,0.613,45.207,31.451,7.713,1.924,0,91,73,8,92,0,0,0,0,0,0,0,0.6,0.693,1,0.92,1,0.05,0.1,0.31,0.004,0.2,FALSE,FALSE,kg,100,0,69.88,3.44
32,Chocolate byproduct,By-Product/Other,Conc,94.276,2.567,10.003,74,26,0,3.2,20.929,90,27.117,1.009,1.921,8.295,13.219,40,1.425,11.166,39.575,20.681,21.681,4.043,0.153,0.285,0.115,0.511,0.155,0.21,0.096,7.645,89.625,20.097,23.375,1,0,0,0,0,2.25,1.57,3.6,6.52,2.25,1.57,3.82,3.82,0.67,5.84,6.54,5.13,18.24,0.14,18.81,9.08,30.81,7.78,0.58,2.89,0,91,73,0,100,0,0,0,0,0,0,0,0.6,0.68,1,0.92,1,0.05,0.1,0.31,0.004,0.2,FALSE,FALSE,kg,100,0,102.67,4.46
33,"Citrus pulp, dry",By-Product/Other,Conc,88.2,7.07,7.185,42,53,5,7.4,29.767,80,40.319,1.025,1.776,20.144,24.073,86.5,2.491,1.27,23.041,1.72,2.546,3.018,1.858,0.124,0.136,1.063,0.058,0.114,0.104,6.854,107.741,10.175,12.841,1.373,0,0,0,0,3.716,1.695,2.88,5.255,2.724,1.036,3.62,2.941,0.947,3.854,0.67,0.564,26.855,0.588,4.929,0.052,23.3,34.917,6.425,1.7,0,91,73,61,39,0,0,0,0,0,0,0,0.6,0.778,1,0.92,1,0.05,0.1,0.31,0.004,0.2,FALSE,FALSE,kg,100,0,79.85,3.44
34,"Citrus pulp, wet",By-Product/Other,Conc,18.319,6.831,8.66,42,53,5,7.4,29.767,80,56.67,0.681,1.205,23.18,25.906,86.5,3.613,0.92,11.496,1.72,3.416,2.962,1.267,0.157,0.122,1.249,0.046,0.12,0.107,5.483,153.261,12.112,11.492,1.071,0,0,0,0,3.716,1.695,2.88,5.255,2.724,1.036,3.62,2.941,0.947,3.854,0.67,0.564,26.855,0.588,4.929,0.052,23.3,34.917,6.425,1.7,0,91,73,61,39,0,0,0,0,0,0,0,0.6,0.778,1,0.92,1,0.05,0.1,0.31,0.004,0.2,FALSE,FALSE,kg,100,0,79.85,3.44
35,Corn cobs,By-Product/Other,Conc,89.831,2.752,2.969,45,49,6,2.8,40.908,60,36.022,0.354,0.85,46.3,83.786,65,4.198,1.127,1.067,0.351,0.618,2.403,0.043,0.059,0.036,0.962,0.008,0.278,0.037,5.6,188.319,8.495,21.879,1,0,0,0,0.08,4,2.94,3.5,12.7,2.78,2.5,4.72,3.59,0.69,4.78,0,1.154,12.693,0.124,1.941,0,25.104,56.246,1.689,1.049,0,91,73,0,100,0,0,0,0,0,0,0,0.6,0.68,1,0.92,1,0.05,0.1,0.31,0.004,0.2,FALSE,FALSE,kg,100,0,54.15,2.31
36,"Corn gluten feed, dry",By-Product/Other,Conc,89.159,7.504,23.193,51,39,10,7.025,30.006,79.129,45.713,4.436,9.884,11.515,35.682,74.11,2.312,15.511,5.827,3.38,3.91,3.194,0.068,1.074,0.427,1.466,0.329,0.288,0.496,5.573,146.061,21.237,73.623,1.241,0,0,0,0.19,4.577,2.935,2.985,8.458,3.085,1.592,3.483,3.582,0.498,4.726,0.027,0.99,23.94,0.201,2.514,0,17.191,50.485,3.209,1.443,0,91,73,33,67,0,0,0,0,0,0,0,0.6,0.733,1,0.92,1,0.05,0.1,0.31,0.004,0.2,FALSE,FALSE,kg,100,0,74.07,3.43
40,"Corn and cob meal, dry",Energy Source,Conc,86.346,1.86,8.406,30,68,1.7,5,38.559,60.7,21.143,0.674,1.245,8.762,19.02,30.5,1.865,62.115,4.45,3.263,3.686,3.337,0.045,0.29,0.117,0.462,0.009,0.095,0.099,3.884,114,11.322,26.862,1,0.05,0,0,0.07,3.3,2.79,3.54,13,2.6,2,4.5,3.56,0.68,4.74,0,0.3,13.6,0.2,1.8,0,26,55.1,1.6,1.4,0,91,73,10,90,0,0,0,0,0,0,0,0.6,0.696,1,0.92,1,0.05,0.1,0.31,0.004,0.2,FALSE,FALSE,kg,100,0,83.52,3.62
42,Corn gluten meal,By-Product/Other,Conc,90.526,2.779,68.522,8,72,20,2.505,69.356,91.627,7.512,1.113,1.959,3.714,6.832,73,1.792,16.398,1.628,1.443,2.443,4.31,0.043,0.494,0.065,0.222,0.054,0.076,0.971,5.23,122.482,6.134,29.446,1.129,0,0,0,0.34,3.141,2.023,3.98,16.349,1.645,2.385,6.184,3.339,0.543,4.507,0,0.219,13.622,0.083,2.166,0,22.218,57.46,2.766,1.466,0,91,73,10,90,0,0,0,0,0,0,0,0.6,0.696,1,0.92,1,0.05,0.1,0.31,0.004,0.2,FALSE,FALSE,kg,100,0,84.4,4.43
43,"Corn grain dry, coarse grind",Energy Source,Conc,86.907,1.504,8.514,23,70,7,5.355,43.24,73.07,22.078,0.523,0.912,3.551,9.761,62.332,1.37,70.367,2.884,3.84,3.845,3.095,0.035,0.309,0.132,0.557,0.018,0.104,0.104,2.069,39.026,7.152,23.428,0.914,0.05,0,0,0.07,4.75,2.875,3.375,12,3,2,4.875,3.625,0.75,4.625,0,2.329,13.209,0.123,1.986,0,24.092,55.704,1.623,0.934,0,77,73,10,90,0,0,0,0,0,0,0,0.6,0.696,1,0.92,1,0.05,0.1,0.31,0.004,0.2,FALSE,FALSE,kg,100,0,84.96,3.69
44,"Corn grain dry, medium grind",Energy Source,Conc,86.907,1.504,8.514,23,70,7,5.355,43.24,73.07,22.078,0.523,0.912,3.551,9.761,62.332,1.37,70.367,2.884,3.84,3.845,3.452,0.035,0.309,0.132,0.557,0.018,0.104,0.104,2.069,39.026,7.152,23.428,0.914,0.05,0,0,0.07,4.75,2.875,3.375,12,3,2,4.875,3.625,0.75,4.625,0,2.329,13.209,0.123,1.986,0,24.092,55.704,1.623,0.934,0,89,73,10,90,0,0,0,0,0,0,0,0.6,0.696,1,0.92,1,0.05,0.1,0.31,0.004,0.2,FALSE,FALSE,kg,100,0,88.69,3.85
46,"Corn grain HM, coarse grind",Energy Source,Conc,72.267,1.572,8.509,28,71,1,5.1,38.921,90,33.109,0.441,0.768,3.524,9.582,50.898,1.212,70.928,2.975,3.571,3.578,3.519,0.041,0.313,0.128,0.445,0.016,0.117,0.112,1.602,37.916,5.943,22.714,1,0.05,0,0,0.07,4.75,2.875,3.375,12,3,2,4.875,3.625,0.75,4.625,0,2.329,13.209,0.123,1.986,0,24.092,55.704,1.623,0.934,0,90,73,48,52,0,0,0,0,0,0,0,0.6,0.757,1,0.92,1,0.05,0.1,0.31,0.004,0.2,FALSE,FALSE,kg,100,0,91.5,3.96
47,"Corn grain, steam-flaked",Energy Source,Conc,85.74,1.286,7.998,2,82,16,3,68.432,90,13.934,0.632,1.285,3.371,8.641,55.667,1.263,71.744,1.801,3.14,3.138,3.622,0.06,0.242,0.098,0.403,0.005,0.081,0.093,2.077,31.775,5.176,17.095,1,0.03,0,0,0.07,4.75,2.875,3.375,12,3,2,4.875,3.625,0.75,4.625,0,0.873,12.924,0.079,1.856,0,23.166,58.381,1.818,0.903,0,94,73,0,100,0,0,0,0,0,0,0,0.6,0.68,1,0.92,1,0.05,0.1,0.31,0.004,0.2,FALSE,FALSE,kg,100,0,91.67,3.97
49,Corn hominy feed,By-Product/Other,Conc,89.092,2.611,10.062,45,49,6,7,29.957,90,28.331,0.507,1.065,5.69,16.903,75,1.587,55.645,4.816,5.38,7.215,3.5,0.061,0.523,0.206,0.664,0.017,0.098,0.125,3.791,76.623,11.758,39.689,1,0,0,0,0.1,6.2,2.8,3.2,9.1,4.3,1.9,4.3,3.8,0.9,4.8,0,2.619,13.963,0,2.373,0,24.803,53.384,1.806,1.052,0,91,73,10,90,0,0,0,0,0,0,0,0.6,0.696,1,0.92,1,0.05,0.1,0.31,0.004,0.2,FALSE,FALSE,kg,100,0,83.06,3.64
50,"Corn silage, immature",Grain Crop Forage,Forage,31.275,4.042,7.91,58,26,16,4,33.988,70,52.673,0.844,1.256,25.496,42.594,53.407,3.152,30.176,2.877,2.321,2.957,2.93,0.244,0.236,0.173,1.054,0.024,0.268,0.107,6.338,166.064,30.052,27.618,1.112,0.22,0,0,0.04,2.317,1.707,3.415,8.537,2.805,1.585,3.902,3.415,0.732,4.512,0.307,0.464,17.828,0.363,2.424,0.004,19.235,47.735,8.245,3.395,0,91,73,92,8,0,0,0,0,0,0,0,0.4,0.827,1,0.92,1,0.05,0.1,0.31,0.004,0.2,FALSE,TRUE,kg,100,0,65.6,2.87
51,"Corn silage, typical",Grain Crop Forage,Forage,35.361,3.843,7.707,60,24,16,4.068,32.917,70,51.849,0.821,1.225,24.332,40.931,51.972,3.054,32.867,2.971,2.352,2.916,2.932,0.237,0.232,0.168,0.986,0.026,0.262,0.105,6.217,165.057,29.55,27.401,1.111,0.22,0,0,0.04,2.317,1.707,3.415,8.537,2.805,1.585,3.902,3.415,0.732,4.512,0.307,0.464,17.828,0.363,2.424,0.004,19.235,47.735,8.245,3.395,0,89,73,92,8,0,0,0,0,0,0,0,0.4,0.827,1,0.92,1,0.05,0.1,0.31,0.004,0.2,FALSE,TRUE,kg,100,0,68.82,2.99
52,"Corn silage, mature",Grain Crop Forage,Forage,39.603,3.658,7.469,48,28,24,3,44.4,70,51.315,0.795,1.187,23.182,39.297,50.761,2.971,35.544,3.054,2.362,2.864,2.881,0.23,0.228,0.162,0.916,0.029,0.243,0.102,5.914,145.948,27.552,26.492,1.107,0.22,0,0,0.04,2.317,1.707,3.415,8.537,2.805,1.585,3.902,3.415,0.732,4.512,0.307,0.464,17.828,0.363,2.424,0.004,19.235,47.735,8.245,3.395,0,85,73,92,8,0,0,0,0,0,0,0,0.4,0.827,1,0.92,1,0.05,0.1,0.31,0.004,0.2,FALSE,TRUE,kg,100,0,65.36,2.84
58,"Cottonseed, whole",By-Product/Other,Conc,91.364,4.214,23.315,45,48,7,14.8,22.509,73.622,26.618,2.733,2.84,38.567,50.578,12.8,11.21,0.76,4,18.26,18.622,3.139,0.173,0.622,0.382,1.176,0.016,0.081,0.238,7.556,71.795,17.431,36.386,1.135,0.094,0,0,0.14,10.814,2.805,3.167,5.792,4.344,1.493,5.204,3.213,1.176,4.344,0,0.69,23.91,0.55,2.33,0,15.24,56.48,0.19,0.61,0,91,73,11,89,0,0,0,0,0,0,0,0.6,0.698,1,0.92,1,0.05,0.1,0.31,0.004,0.2,FALSE,FALSE,kg,100,0,77.22,3.55
59,Cottonseed hulls,By-Product/Other,Conc,91,3.461,6.975,30,35,35,5.3,54.394,50,20.654,2.775,3.601,65.964,80.924,22.4,19.933,1.225,2.147,3.14,3.202,1.569,0.235,0.151,0.215,1.205,0.022,0.074,0.104,5.18,83.11,25.751,18.751,1,0,0,0,0.04,11.4,3.32,3.39,7.22,4.66,1.83,5.63,3.81,1.42,5,0,0.7,23.13,0.65,3.25,0,19.29,51.56,0.53,0.89,0,91,73,11,89,0,0,0,0,0,0,0,0.6,0.698,1,0.92,1,0.05,0.1,0.31,0.004,0.2,FALSE,FALSE,kg,100,0,34.29,1.51
60,Cottonseed meal,By-Product/Other,Conc,89.92,7.622,46.686,25,56,19,7.191,44.321,82.585,14.527,1.719,2.22,19.16,28.052,25,7.006,1.095,8.479,3.06,3.597,3.293,0.254,1.306,0.697,1.743,0.166,0.08,0.482,12.475,208.058,23.158,66.181,1.762,0,0,0,0.3,11.569,2.723,3.007,5.534,3.965,1.394,5.272,3.05,1.22,4.227,0,0.943,25.795,0.522,2.947,0.045,18.333,50.196,0.304,0.915,0,91,73,11,89,0,0,0,0,0,0,0,0.6,0.698,1,0.92,1,0.05,0.1,0.31,0.004,0.2,FALSE,FALSE,kg,100,0,66.42,3.4
66,Distillers solubles,By-Product/Other,Conc,31.204,11.104,22.577,26,62,12,5,45.52,75,69.924,0.778,1.205,3.198,4.834,70,0.572,4.001,28.74,9.986,10.986,3.599,0.125,1.821,0.768,2.778,0.654,0.499,1.153,9.261,148.03,32.034,108.439,0,0.16,0,0,0.4,4.297,2.662,3.65,11.673,2.814,1.977,4.867,3.726,0.798,4.867,0.3,0.25,15,0.1,2.5,0.05,18,55,8,0.8,0,91,73,45,55,0,0,0,0,0,0,0,0.6,0.752,1,0.92,1,0.05,0.1,0.31,0.004,0.2,FALSE,FALSE,kg,100,0,79.48,3.72
67,Calcium soaps,By-Product/Other,Conc,95.3,15.5,0,0,0,0,0,0,0,0,0,0,0,0,0,0,0,0,84.5,84.5,5.417,0,0,0,0,0,0,0,0,0,0,0,0,0,0,0,0,0,0,0,0,0,0,0,0,0,0,0.2,1.6,50.8,0,4.1,0,35.7,7,0.2,0.4,0,91,73,100,0,0,0,0,0,0,0,0,0.6,0.84,0,0,0,0,0,0,0,0,TRUE,FALSE,kg,100,0,163.51,6.83
79,"Fat, tallow",By-Product/Other,Conc,99.8,0,0,0,0,0,0,0,0,0,0,0,0,0,0,0,0,0,88,99.8,6.008,0,0,0,0,0,0,0,0,0,0,0,0,0,0,0,0,0,0,0,0,0,0,0,0,0,0,0.09,3.003,24.431,3.793,17.917,3.99,41.617,1.09,0.53,3.539,0,91,68,0,100,0,0,0,0,0,0,0,0,0,0,0,0,0,0,0,0,0,TRUE,FALSE,kg,100,0,147.4,6.17
80,Feather meal,By-Product/Other,Conc,92.868,2.308,90.554,24,31,45,0.835,73.306,67.88,9.919,9.275,12.695,0,0,0,0,0,0,7.85,8.918,4.087,0.503,0.317,0.04,0.183,0.164,0.229,1.779,9.12,346.849,11.785,86.915,1,0,0,0,0.7,6.563,1.208,4.595,8.132,2.603,0.697,4.77,4.533,0.76,7.011,0.34,1.09,24.33,6.51,8.27,1.09,32.51,13.19,0.54,12.13,0,91,73,0,100,0,0,0,0,0,0,0,0.6,0.68,1,0.92,1,0.05,0.1,0.31,0.004,0.2,FALSE,FALSE,kg,100,0,72.76,4.05
83,Fish meal,By-Product/Other,Conc,92.027,21.12,69.192,36,38,26,1.85,56.45,75.833,22.417,1.04,4.05,0,0,0,0,0,0,6.44,10.483,3.609,5.559,3.161,0.235,0.934,0.821,1.057,0.876,6.016,803.864,44.4,91.765,1.481,0,0,0,1.5,5.625,2.348,3.885,6.74,6.824,2.534,3.733,3.885,0.963,4.595,0,10.35,28.464,13.006,5.995,0.2,10.97,1.095,0.963,28.957,0,91,73,0,100,0,0,0,0,0,0,0,0.6,0.68,1,0.92,1,0.05,0.1,0.31,0.004,0.2,FALSE,FALSE,kg,100,0,79.91,4.25
88,"Cool season grass hay, mature",Grass/Legume Forage,Forage,89.848,6.712,9.234,30,56,14,5.5,42.222,60,29.349,1.484,3.793,41.445,66.667,55.828,5.971,2.016,10.798,0.955,2.351,2.344,0.438,0.214,0.196,1.633,0.061,0.58,0.153,8.33,195.91,92.684,25.551,1.527,0.15,0,0,0.06,4.104,1.94,3.955,7.388,4.851,1.642,4.776,4.104,2.09,5.224,0.893,0,15.218,1.476,1.29,0,2.522,16.618,55.497,6.486,0,91,73,67,33,0,0,0,0,0,0,0,0.4,0.787,1,0.92,1,0.05,0.1,0.31,0.004,0.2,FALSE,FALSE,kg,100,0,56.04,2.48
89,"Cool season grass hay, mid-mtr",Grass/Legume Forage,Forage,88.331,8.567,13.28,30,56,14,5.5,42.222,60,30.541,1.428,4.852,35.524,58.007,67.829,4.167,2.217,15.235,1.576,3.233,2.534,0.482,0.281,0.226,2.265,0.105,0.781,0.197,9.211,216.806,86.037,26.556,1.69,0.15,0,0,0.06,4.104,1.94,3.955,7.388,4.851,1.642,4.776,4.104,2.09,5.224,0.893,0,15.218,1.476,1.29,0,2.522,16.618,55.497,6.486,0,91,73,67,33,0,0,0,0,0,0,0,0.4,0.787,1,0.92,1,0.05,0.1,0.31,0.004,0.2,FALSE,FALSE,kg,100,0,59.72,2.67
91,Cool season grass silage,Grass/Legume Forage,Forage,38.843,8.078,13.422,52,35,13,5.7,32.456,60,47.979,1.604,3.69,38.971,62.067,63.594,5.817,1.936,7.29,1.835,3.633,2.439,0.553,0.307,0.211,2.288,0.077,0.671,0.2,9.457,449.658,95.481,32.549,1.874,0.15,0,0,0.06,3.06,1.66,3.57,6.12,3.28,1.21,4.37,3.34,1.07,4.89,6.557,0.541,16.763,1.674,1.944,0,3.797,19.963,44.299,4.462,0,91,73,67,33,0,0,0,0,0,0,0,0.4,0.787,1,0.92,1,0.05,0.1,0.31,0.004,0.2,FALSE,TRUE,kg,100,0,55.73,2.49
92,"Pasture, grass",Pasture,Forage,19.3,9.6,25.1,57,33,10,6,28.434,65,25.364,1.2,5.2,21.8,41.8,86,3.35,2.1,14.6,2.32,4.1,2.91,0.476,0.486,0.287,3.169,0.4,1.2,0.396,10,275,75,36,0,0,30.8,0,0.07,4.104,1.94,3.955,7.388,4.851,1.642,4.776,4.104,2.09,5.224,0.84,0.24,13.49,0,1.07,0,2.07,13.34,66.49,2.46,0,91,73,67,33,0,0,0,0,0,0,0,0.6,0.787,1,1,1,0.92,0.05,0.31,0.004,0.2,FALSE,FALSE,kg,100,0,66.55,3.14
94,"Grass lg mixt, grass hay, mid",Grass/Legume Forage,Forage,89.239,9.412,15.608,41,49,10,13,25.98,70,34.214,0.993,1.325,33.818,54.685,67.464,4.276,1.534,12.619,1.927,3.394,2.635,0.625,0.329,0.267,2.343,0.082,0.649,0.222,0.517,10.362,294.738,82.577,29.646,0,0,0,0.09,4.47,1.79,3.75,6.76,4.25,1.43,4.34,3.98,1.36,4.86,1.15,0.615,18.98,1.77,2.785,0.17,1.85,33.21,33.39,6.08,0,91,73,67,33,0,0,0,0,0,0,0,0.37,0.787,1,0.92,1,0.05,0.1,0.31,0.004,0.2,FALSE,FALSE,kg,100,0,59.51,2.71
95,"Grass lg mixt, grass hay, mtr",Grass/Legume Forage,Forage,87.4,7.494,10.854,41,49,10,13,25.98,70,29.742,1.306,3.571,40.005,61.989,47.481,6.079,2.535,10.911,1.291,2.433,2.432,0.511,0.219,0.215,1.549,0.074,0.483,0.137,8.747,260.862,89.301,26.585,1.539,0,0,0,0.09,4.47,1.79,3.75,6.76,4.25,1.43,4.34,3.98,1.36,4.86,1.15,0.615,18.98,1.77,2.785,0.17,1.85,33.21,33.39,6.08,0,91,73,67,33,0,0,0,0,0,0,0,0.37,0.787,1,0.92,1,0.05,0.1,0.31,0.004,0.2,FALSE,FALSE,kg,100,0,57.05,2.55
97,"Grass legume mixt, grass slg",Grass/Legume Forage,Forage,39.612,8.125,14.336,41,49,10,13,25.98,70,49.168,1.608,3.513,37.015,57.732,55.189,5.616,2.609,8,1.981,3.748,2.549,0.552,0.302,0.225,2.399,0.13,0.822,0.185,10.661,394.649,87.312,32.085,2.772,0,0,0,0.09,3.47,1.68,3.76,6.24,3.85,1.29,4.28,3.59,1.01,4.95,9.27,0.6,17.785,1.79,2.645,0,2.925,17.935,41.505,5.545,0,91,73,67,33,0,0,0,0,0,0,0,0.37,0.787,1,0.92,1,0.05,0.1,0.31,0.004,0.2,FALSE,TRUE,kg,100,0,56.7,2.6
99,"Grass lg mixt, mix hay",Grass/Legume Forage,Forage,86.44,9.236,12.119,41,49,10,13,25.98,70,26.967,1.655,4.123,39.279,58.241,54.453,6.697,2.747,10.078,1.371,2.658,2.382,0.743,0.25,0.212,1.909,0.037,0.433,0.025,9.98,308.725,65.239,27.938,1.908,0.33,0,0,0,4.51,1.79,3.78,6.79,4.29,1.43,4.34,3.99,1.37,4.88,1.15,0.615,18.98,1.77,2.785,0.17,1.85,33.21,33.39,6.08,0,91,73,61,39,0,0,0,0,0,0,0,0.35,0.778,1,0.92,1,0.05,0.1,0.31,0.004,0.2,FALSE,FALSE,kg,100,0,58.79,2.7
100,"Grass lg mixt, mix silage",Grass/Legume Forage,Forage,40.021,9.517,17.679,61,30,9,10.6,22.349,70,50.724,1.911,3.699,34.849,51.232,61.085,5.902,2.118,8.076,2.033,4.038,2.598,0.87,0.341,0.253,2.537,0.058,0.588,0.226,10.727,451.127,72.179,31.686,1.788,0.33,0,0,0.1,3.47,1.68,3.76,6.24,3.85,1.29,4.28,3.59,1.01,4.95,9.27,0.6,17.785,1.79,2.645,0,2.925,17.935,41.505,5.545,0,91,73,53,47,0,0,0,0,0,0,0,0.3,0.765,1,0.92,1,0.05,0.1,0.31,0.004,0.2,FALSE,TRUE,kg,100,0,57.66,2.66
102,"Grass lg mixt, leg. hay, mtr",Grass/Legume Forage,Forage,85.292,9.006,17.381,34,51,15,9.5,34.462,65,31.991,1.834,4.383,38.719,51.173,20.1,8.274,2.546,5,1.228,2.273,2.398,1.238,0.266,0.282,2.518,0.063,0.435,0.213,10.288,420.896,55.972,26.483,1.813,0,0,0,0.09,4.5,1.79,3.79,6.81,4.31,1.43,4.34,4,1.38,4.89,1.15,0.615,18.98,1.77,2.785,0.17,1.85,33.21,33.39,6.08,0,91,73,55,45,0,0,0,0,0,0,0,0.32,0.768,1,0.92,1,0.05,0.1,0.31,0.004,0.2,FALSE,FALSE,kg,100,0,53.9,2.47
103,"Grass lg mixt, leg., hay, immtr",Grass/Legume Forage,Forage,88.558,10.016,20.35,44,49,7,15.1,21.767,75,37.232,1.615,4.252,32.94,43.935,49.922,6.921,1.888,8.996,1.777,2.628,2.64,1.283,0.303,0.301,2.245,0.073,0.555,0.244,10.238,285.112,44.181,25.506,1.857,0,0,0,0.09,4.5,1.79,3.79,6.81,4.31,1.43,4.34,4,1.38,4.89,1.15,0.615,18.98,1.77,2.785,0.17,1.85,33.21,33.39,6.08,0,91,73,55,45,0,0,0,0,0,0,0,0.32,0.768,1,0.92,1,0.05,0.1,0.31,0.004,0.2,FALSE,FALSE,kg,100,0,60.72,2.81
104,"Grass lg mixt, legume slg",Grass/Legume Forage,Forage,40.978,10.274,20.044,52,39,9,8.174,26.89,71.85,53.647,1.994,3.543,33.888,45.934,56.226,6.603,2.097,6.577,1.986,3.811,2.604,1.258,0.345,0.272,2.771,0.049,0.574,0.242,10.944,472.668,57.45,29.81,1.69,0,0,0,0,3.47,1.68,3.76,6.24,3.85,1.29,4.28,3.59,1.01,4.95,9.27,0.6,17.785,1.79,2.645,0,2.925,17.935,41.505,5.545,0,91,73,53,47,0,0,0,0,0,0,0,0.32,0.765,1,0.92,1,0.05,0.1,0.31,0.004,0.2,FALSE,TRUE,kg,100,0,55.28,2.55
105,"Pasture, legume",Pasture,Forage,13.9,9.62,26.1,62,29,9,13.1,20.828,70,55.245,1.6,2.675,25.9,32.4,65.4,5.19,3.1,8.7,2,3.5,2.946,1.304,0.349,0.325,2.792,0.16,0.799,0.217,11.436,685.344,61.595,30.447,0,0.52,0,0,0.18,1.762,1.917,4.145,6.736,4.715,1.347,4.352,3.834,1.192,5.078,11.979,0.657,18.813,1.907,3.353,0,2.048,15.906,38.708,6.629,0,91,73,87,13,0,0,0,0,0,0,0,0.3,0.819,1,0.92,1,0.05,0.1,0.31,0.004,0.2,FALSE,FALSE,kg,100,0,66.3,3.13
106,"Legume hay, immature",Grass/Legume Forage,Forage,89.278,11.048,21.542,43,50,7,17.8,20.495,65,41.057,1.507,2.797,30.732,37.684,51.4,6.591,2.282,9.752,1.54,2.549,2.677,1.514,0.289,0.324,2.486,0.202,0.761,0.186,10.234,430.121,42.703,26.42,2.746,0.52,0,0,0.2,4.199,1.934,3.923,6.685,4.807,1.326,4.586,4.033,1.381,4.972,1.357,0.849,25.012,2.233,4.01,0.35,2.434,18.489,36.792,8.474,0,91,73,55,45,0,0,0,0,0,0,0,0.3,0.768,1,0.92,1,0.05,0.1,0.31,0.004,0.2,FALSE,FALSE,kg,100,0,62.06,2.89
107,"Legume hay, mid-maturity",Grass/Legume Forage,Forage,88.136,10.762,20.745,45,46,9,17.833,21.749,65,34.613,0.743,1.85,32.073,41.109,52.396,6.643,1.513,8.97,1.503,2.076,2.629,1.402,0.282,0.323,2.385,0.211,0.765,0.179,9.691,421.332,38.495,26.216,2.535,0.52,0,0,0.19,4.199,1.934,3.923,6.685,4.807,1.326,4.586,4.033,1.381,4.972,1.357,0.849,25.012,2.233,4.01,0.35,2.434,18.489,36.792,8.474,0,91,73,55,45,0,0,0,0,0,0,0,0.3,0.768,1,0.92,1,0.05,0.1,0.31,0.004,0.2,FALSE,FALSE,kg,100,0,59.11,2.74
108,"Legume hay, mature",Grass/Legume Forage,Forage,87.652,9.974,18.111,39,49,12,14,27.144,65,37.897,1.751,3.887,37.193,46.648,43.423,8.117,2.273,9.772,1.212,2.245,2.453,1.365,0.282,0.293,2.342,0.11,0.66,0.122,9.707,380.094,44.048,24.341,2.234,0.52,0,0,0.18,4.199,1.934,3.923,6.685,4.807,1.326,4.586,4.033,1.381,4.972,1.357,0.849,25.012,2.233,4.01,0.35,2.434,18.489,36.792,8.474,0,91,73,55,45,0,0,0,0,0,0,0,0.3,0.768,1,0.92,1,0.05,0.1,0.31,0.004,0.2,FALSE,FALSE,kg,100,0,54.73,2.51
109,"Legume silage, immature",Grass/Legume Forage,Forage,41.61,11.122,22.064,62,29,9,13.1,20.828,70,55.245,1.6,2.675,32.001,38.748,53.25,6.545,1.91,7.318,1.977,3.224,2.697,1.304,0.349,0.325,2.792,0.16,0.799,0.217,11.436,685.344,61.595,30.447,3.514,0.52,0,0,0.18,1.762,1.917,4.145,6.736,4.715,1.347,4.352,3.834,1.192,5.078,11.979,0.657,18.813,1.907,3.353,0,2.048,15.906,38.708,6.629,0,91,73,87,13,0,0,0,0,0,0,0,0.3,0.819,1,0.92,1,0.05,0.1,0.31,0.004,0.2,FALSE,TRUE,kg,100,0,60.48,2.83
110,"Legume silage, mid-maturity",Grass/Legume Forage,Forage,42.883,10.597,20.471,52,39,9,8.174,26.89,70,49.329,1.248,2.245,33.683,43.195,49.411,7.419,1.973,6.274,2.322,2.872,2.588,1.254,0.351,0.298,2.817,0.124,0.635,0.138,10.591,534.382,54.79,28.855,2.092,0.52,0,0,0.18,1.762,1.917,4.145,6.736,4.715,1.347,4.352,3.834,1.192,5.078,11.979,0.657,18.813,1.907,3.353,0,2.048,15.906,38.708,6.629,0,91,73,87,13,0,0,0,0,0,0,0,0.3,0.819,1,0.92,1,0.05,0.1,0.31,0.004,0.2,FALSE,TRUE,kg,100,0,56.75,2.65
112,Flaxseed meal,By-Product/Other,Conc,89.646,6.766,38.482,18,67,15,5.367,49.392,84.425,38.998,1.706,4.349,16.929,30.434,49,6.226,2.063,5.893,3.08,3.203,3.221,0.437,0.95,0.651,1.304,0.131,0.066,0.399,21.008,312.493,52.453,75.296,1,0,0,0,0,9.098,2.172,4.057,5.943,4.057,1.762,4.631,3.648,1.475,4.877,0,0.16,5.74,0.18,4.3,0,18.88,14.15,55.95,0.64,0,91,73,0,100,0,0,0,0,0,0,0,0.6,0.68,1,0.92,1,0.05,0.1,0.31,0.004,0.2,FALSE,TRUE,kg,100,0,65.44,3.19
115,"Meat and bone meal, porcine",By-Product/Other,Conc,96.065,26.184,56.635,32,42,26,8.812,43.792,61.094,14.949,2.839,11.827,0,0,0,0,0,0,7.45,11.898,3.214,9.288,4.594,0.278,0.906,0.741,0.493,0.509,20.012,451.002,24.362,159.783,0,0,0,0,0,7.009,1.585,2.567,5.424,4.576,1.25,3.125,2.924,0.536,3.884,0.082,1.676,29.469,2.41,17.502,1.265,40.431,3.7,0.082,3.383,0,91,73,0,100,0,0,0,0,0,0,0,0.6,0.68,1,0.92,1,0.05,0.1,0.31,0.004,0.2,FALSE,TRUE,kg,100,0,62.41,3.22
119,Molasses,By-Product/Other,Conc,65.395,15.963,9.271,74,26,0,3.2,20.929,100,95.85,0,0,0.183,0.568,50,0,0.846,60,0,0.611,3.073,0.729,0.263,0.278,4.486,1.512,2.015,0.641,36.714,216,73.714,112.286,0,0.55,0,0,0.13,4.91,1.59,4.44,3.59,1,0.22,2.71,1.57,0.45,3.36,0,0,17.99,0.34,3.609,0,12.979,54.937,7.462,2.683,0,91,73,0,100,0,0,0,0,0,0,0,0.6,0.68,1,0.92,1,0.05,0.1,0.31,0.004,0.2,FALSE,TRUE,kg,100,0,80.94,3.47
120,Oat grain,Energy Source,Conc,89.271,3.215,12.172,72,20,8,26.4,15.943,72.279,27.082,0.767,1.207,14.476,28.556,35.882,3.2,44.717,2.947,4.8,5.679,3.265,0.135,0.38,0.145,0.561,0.014,0.135,0.165,6.576,128.986,52.554,33.023,1.363,0.025,0,0,0.4,6.488,1.907,3.744,7.162,3.86,1.698,4.837,3.511,1.488,5.256,0,0.867,17.647,0.156,1.318,0,34.779,42.005,1.846,1.382,0,91,73,15,85,0,0,0,0,0,0,0,0.6,0.704,1,0.92,1,0.05,0.1,0.31,0.004,0.2,FALSE,TRUE,kg,100,0,78.51,3.47
121,Oat hay mid-maturity,Grain Crop Forage,Forage,89.503,7.39,8.492,35,53,12,4.3,42.39,70,39.517,1.032,2.052,37.495,58.968,55.955,4.714,4.077,17.755,1.448,2.358,2.506,0.318,0.211,0.143,1.705,0.422,0.941,0.132,6.77,257.479,65.644,20.379,1.369,0,0,0,0,2.18,1.94,5.5,6.65,3.56,1.87,4.7,4.13,1.42,4.13,1.193,0.43,16.44,0.476,1.33,0.055,2.534,23.382,49.897,4.263,0,91,73,67,33,0,0,0,0,0,0,0,0.4,0.787,1,0.92,1,0.05,0.1,0.31,0.004,0.2,FALSE,TRUE,kg,100,0,55.91,2.46
129,"Peanut meal, expellers",By-Product/Other,Conc,93.962,6.482,42.62,62,36,2,16.135,14.849,94.133,37.67,1.949,5.633,15.867,22.9,75,5.393,6.388,5,7.31,8.46,3.723,0.351,0.573,0.413,1.19,0.067,0.259,0.302,13.214,621.5,34.357,48.357,5.3,0,0,0,0.2,11.013,2.22,3.211,6.142,3.211,1.034,4.806,2.565,1.034,3.879,0,0,9.242,0.085,2.316,0,66.606,19.304,2.447,0,0,91,73,0,100,0,0,0,0,0,0,0,0.6,0.68,1,0.92,1,0.05,0.1,0.31,0.004,0.2,FALSE,TRUE,kg,100,0,74.75,3.85
135,Potato byproduct,By-Product/Other,Conc,22.98,5.6,9.989,5,90,5,2,70.608,80,39.05,0.943,1.628,10.705,14.426,80,3.003,57.49,7.1,1.78,2.78,3.151,0.174,0.252,0.108,1.395,0.125,0.286,0.152,6.933,348.013,16.601,21.976,0,0,0,0,0,2.47,1.84,3.14,5.34,4.21,0.95,3.62,3.11,0.67,4.4,0.352,0.49,12.184,0.555,10.696,31.21,35.647,5.117,1.147,2.602,0,91,73,0,100,0,0,0,0,0,0,0,0.6,0.68,1,0.92,1,0.05,0.1,0.31,0.004,0.2,FALSE,FALSE,kg,100,0,80.7,3.51
137,Poultry byproduct meal,By-Product/Other,Conc,95.521,14.247,65.624,5,90,5,2,70.608,90,28.234,3.89,30.34,0,0,0,0,0,0,11.779,12.779,4.252,4.314,2.477,0.161,0.893,0.376,0.554,0.742,14.139,233.366,44.761,121.565,1.196,0,0,0,0,4.3,1.38,2.5,4.5,3.9,1.3,2.5,2.5,0.7,3.1,0,0,0,0,0,0,0,0,0,0,0,91,73,0,100,0,0,0,0,0,0,0,0.6,0.68,1,0.92,1,0.05,0.1,0.31,0.004,0.2,FALSE,TRUE,kg,100,0,78.98,4.05
138,Rice bran,By-Product/Other,Conc,92.376,10.021,14.813,31,45,24,3.38,53.429,85.033,30.483,0.778,2.18,13.84,23.055,23.333,4.943,22.181,7.953,12,18.503,3.21,0.779,1.774,0.784,1.402,0.02,0.133,0.174,8.645,215.993,182.668,60.923,1.139,0,0,0,0.17,7.739,2.75,3.756,7.141,4.727,2.181,4.446,3.88,1.218,5.719,0,0.28,17.53,0.21,1.56,0,39.1,38.11,1.46,1.75,0,91,73,5,95,0,0,0,0,0,0,0,0.6,0.688,1,0.92,1,0.05,0.1,0.31,0.004,0.2,FALSE,TRUE,kg,100,0,84.77,3.76
144,"Rye annual silage, mature",Grain Crop Forage,Forage,67.186,8.718,8.284,57,33,10,5.9,28.572,65,46.844,0.7,1.17,42.854,66.214,66.31,5.708,1.448,12.33,1.249,2.2,2.323,0.362,0.249,0.156,2.074,0.075,0.846,0.154,6.682,395.973,89.291,27.455,1.595,0,0,0,0.09,3.06,1.66,3.57,6.12,3.28,1.21,4.37,3.34,1.07,4.89,0.662,1.87,20.398,1.189,2.254,0,5.135,19.118,39.069,10.305,0,91,73,67,33,0,0,0,0,0,0,0,0.4,0.787,1,0.92,1,0.05,0.1,0.31,0.004,0.2,FALSE,FALSE,kg,100,0,60.03,2.72
153,Safflower meal,By-Product/Other,Conc,93.979,4.915,26.209,23,71,6,10.4,31.392,75,31.2,1.523,2.097,40.137,55.397,25.5,13.792,1.21,5.1,3.88,5.351,2.482,0.324,0.646,0.34,1.027,0.033,0.23,0.248,21.667,240.35,29,66.444,1,0,0,0,0.15,8.305,2.458,3.517,6.229,3.093,1.483,4.407,3.136,0.932,4.958,0,0,5.4,0,1.6,0,13.2,79.5,0.3,0,0,91,73,8,92,0,0,0,0,0,0,0,0.6,0.693,1,0.92,1,0.05,0.1,0.31,0.004,0.2,FALSE,TRUE,kg,100,0,52.54,2.6
154,"Sorghum grain, dry, ground",Energy Source,Conc,88.891,2.496,12.481,24,56,20,5,50.309,69.315,20.174,0.831,1.604,3.934,6.134,59,1.087,72.586,2.235,2.92,4.089,3.272,0.097,0.381,0.154,0.408,0.033,0.166,0.115,8.74,71.15,26.59,23.273,1.085,0,0,0,0.12,3.827,2.253,4.11,13.108,2.217,1.737,5.146,3.314,1.2,5.276,0.035,0.084,17.156,0.631,1.65,0,29.702,48.179,1.611,0.952,0,83,73,10,90,0,0,0,0,0,0,0,0.6,0.696,1,0.92,1,0.05,0.1,0.31,0.004,0.2,FALSE,TRUE,kg,100,0,80.59,3.53
155,"Sorghum grain, steam flaked",Energy Source,Conc,88.891,2.496,12.481,24,56,20,5,50.309,69.315,20.174,0.831,1.604,3.934,6.134,59,1.087,72.586,2.235,2.92,4.089,3.61,0.097,0.381,0.154,0.408,0.033,0.166,0.115,8.74,71.15,26.59,23.273,1.085,0,0,0,0.12,3.827,2.253,4.11,13.108,2.217,1.737,5.146,3.314,1.2,5.276,0.035,0.084,17.156,0.631,1.65,0,29.702,48.179,1.611,0.952,0,94,73,10,90,0,0,0,0,0,0,0,0.6,0.696,1,0.92,1,0.05,0.1,0.31,0.004,0.2,FALSE,TRUE,kg,100,0,89.43,3.91
156,"Sorghum forage silage, mature",Grain Crop Forage,Forage,28.724,9.896,11.298,48,28,24,3,44.4,70,51.013,8.306,16.169,39.231,61.571,63.586,5.154,2.735,5.269,1.437,3.068,2.381,0.491,0.288,0.271,2.471,0.024,0.827,0.174,9.88,516.21,60.321,38.463,1.436,0,0,0,0,4.07,2.47,3.91,13.04,2.64,1.93,5.24,3.59,1.16,5,2.859,0.889,20.644,0.434,2.421,0,10.179,30.365,25.53,6.679,0,91,73,67,33,0,0,0,0,0,0,0,0.4,0.787,1,0.92,1,0.05,0.1,0.31,0.004,0.2,FALSE,FALSE,kg,100,0,56.66,2.48
160,Sorghum-sudangrass silage,Grain Crop Forage,Forage,31.709,10.904,12.25,38,30,32,3.7,51.481,55,47.292,1.152,1.899,38.905,59.468,54.914,5.248,2.786,5.634,1.633,3.013,2.304,0.524,0.296,0.258,2.462,0.058,0.815,0.164,11.423,899.465,76.71,38.982,1.601,0,0,0,0,3.06,1.66,3.57,6.12,3.28,1.21,4.37,3.34,1.07,4.89,2.859,0.889,20.644,0.434,2.421,0,10.179,30.365,25.53,6.679,0,91,73,67,33,0,0,0,0,0,0,0,0.4,0.787,1,0.92,1,0.05,0.1,0.31,0.004,0.2,FALSE,FALSE,kg,100,0,54.39,2.39
161,Sorghum-sudangrass hay,Grain Crop Forage,Forage,90.47,10.036,9.813,28,53,19,5,46.946,60,38.563,1.051,2.566,39.336,61.017,54.416,4.935,3.748,10.364,1.101,1.932,2.34,0.368,0.24,0.254,1.998,0.028,0.982,0.144,9.393,358.683,62.067,38.645,1.451,0,0,0,0,4.104,1.94,3.955,7.388,4.851,1.642,4.776,4.104,2.09,5.224,2.859,0.889,20.644,0.434,2.421,0,10.179,30.365,25.53,6.679,0,91,73,67,33,0,0,0,0,0,0,0,0.4,0.787,1,0.92,1,0.05,0.1,0.31,0.004,0.2,FALSE,TRUE,kg,100,0,54.38,2.41
163,Soybean hulls,By-Product/Other,Conc,90.372,5.179,11.88,26,69.557,3.898,6.402,37.012,68,26.269,1.152,3.647,47.94,66.749,88.11,2.572,0.984,2.747,1.61,1.885,2.739,0.636,0.132,0.276,1.403,0.011,0.041,0.117,7.583,463.849,20.505,47.266,1.051,0.4,0,0,0.2,5.21,2.605,3.697,6.303,6.303,1.092,3.866,3.613,1.345,4.37,0,1.465,16.216,0.285,7.027,0.697,15.901,42.66,13.107,2.642,0,91,73,16,84,0,0,0,0,0,0,0,0.6,0.706,1,0.92,1,0.05,0.1,0.31,0.004,0.2,FALSE,TRUE,kg,100,0,67.34,3.01
164,"Soybean meal, expellers",By-Product/Other,Conc,91.169,6.732,47.604,9,91,0,2.4,63.153,93,14.705,0.914,3.607,10.109,19.591,85,2.058,1.804,11.818,6.118,7.118,3.882,0.335,0.724,0.312,2.241,0.014,0.06,0.397,15.119,195.591,39.335,52.892,2.72,0.21,0,0,0.2,7.292,2.623,4.542,7.591,6.119,1.343,5.053,3.902,1.343,4.733,0,0.071,11.553,0.087,3.707,1.417,18.126,54.768,9.516,0.755,0,91,73,7,93,0,0,0,0,0,0,0,0.6,0.691,1,0.92,1,0.05,0.1,0.31,0.004,0.2,FALSE,TRUE,kg,100,0,88.53,4.35
167,"Soybean meal, solvent 48CP",By-Product/Other,Conc,89.267,7.237,52.644,18,80,2,9,32.746,91,23.117,0.627,1.005,7.187,11.065,85.667,1.084,1.879,12.953,1.08,1.815,3.967,0.4,0.739,0.327,2.421,0.019,0.062,0.413,16.058,187.015,41.372,52.924,4.315,0.21,0,0,0.2,7.291,2.641,4.537,7.63,6.163,1.377,5.034,3.95,1.377,4.763,0,0.834,17.278,0,4.446,0.43,13.223,54.163,8.429,1.197,0,91,73,7,93,0,0,0,0,0,0,0,0.6,0.691,1,0.92,1,0.05,0.1,0.31,0.004,0.2,FALSE,TRUE,kg,100,0,81.39,4.16
169,"Soybeans, whole raw",Plant Protein,Conc,89.105,5.31,39.98,26,74,0,9.31,28.457,89.5,42.085,0.658,1.663,6.992,11.883,84,1.516,4.17,9,16.99,20.729,4.313,0.272,0.654,0.274,2.028,0.011,0.039,0.344,11.865,102.792,26.014,50.932,0,0.069,0,0,0.3,7.25,2.611,4.528,7.583,6.139,1.333,5.028,3.889,1.333,4.722,0.577,0.195,11.925,0.08,4.047,0,21.986,52.434,7.589,1.167,0,91,73,7,93,0,0,0,0,0,0,0,0.6,0.691,1,0.92,1,0.05,0.1,0.31,0.004,0.2,FALSE,TRUE,kg,100,0,101.01,4.77
170,"Soybeans, whole roasted",Plant Protein,Conc,94.041,5.563,40.023,18,77,5,9.3,34.05,87,15.639,0.97,2.785,10.07,18.362,84.25,1.797,1.544,9.785,15.35,21.257,4.136,0.277,0.63,0.261,1.901,0.016,0.065,0.318,13.659,130.956,31.483,46.001,3.004,0.069,0,0,0.3,7.25,2.611,4.528,7.583,6.139,1.333,5.028,3.889,1.333,4.722,0.002,0.108,11.795,0.075,4.301,0,23.581,52.363,6.99,0.785,0,91,73,7,93,0,0,0,0,0,0,0,0.6,0.691,1,0.92,1,0.05,0.1,0.31,0.004,0.2,FALSE,TRUE,kg,100,0,99.2,4.75
176,"Sudangrass silage, mature",Grass/Legume Forage,Forage,31.471,10.601,9.538,38,30,32,3.7,51.481,55,49.313,0.999,2.255,43.845,66.617,61,6.342,2.149,4.007,1.528,2.692,2.157,0.446,0.266,0.253,2.401,0.026,0.85,0.161,10.294,564.061,66.47,37.044,1.286,0,0,0,0,3.06,1.66,3.57,6.12,3.28,1.21,4.37,3.34,1.07,4.89,2.859,0.889,20.644,0.434,2.421,,10.179,30.365,25.53,6.679,0,91,73,67,33,0,0,0,0,0,0,0,0.4,0.787,1,0.92,1,0.05,0.1,0.31,0.004,0.2,FALSE,TRUE,kg,100,0,54.7,2.41
181,Sunflower meal,By-Product/Other,Conc,90.24,7.353,37.01,42,53,5,29.2,15.809,90,27.333,1.644,2.361,29.028,40.195,36.5,9.071,1.112,9.218,1.02,2.202,2.983,0.462,1.127,0.601,1.615,0.038,0.152,0.447,32.866,274.993,48.318,83.774,1.135,0,0,0,0.5,8.031,2.437,4,6.219,3.5,2.188,4.5,3.625,1.281,4.844,0,0.755,11.591,0,4.37,0,41.93,38.714,0.588,2.052,0,91,73,0,100,0,0,0,0,0,0,0,0.6,0.68,1,0.92,1,0.05,0.1,0.31,0.004,0.2,FALSE,TRUE,kg,100,0,59.88,2.9
182,Sunflower seed,By-Product/Other,Conc,92.716,3.471,20.07,66,32,2,17,13.812,80,50.5,0.839,1.707,24.379,35.196,15,7.212,0.614,4,37.2,39.003,4.149,0.203,0.727,0.387,0.978,0.011,0.099,0.255,20.105,104.211,29.684,56.263,1,0,0,0,0,7.986,2.491,3.907,6.122,3.702,2.128,4.474,3.589,1.409,4.785,0,0.1,5.2,0.1,4.1,0,39.4,47.9,0.4,2.8,0,91,73,0,100,0,0,0,0,0,0,0,0.6,0.68,1,0.92,1,0.05,0.1,0.31,0.004,0.2,FALSE,TRUE,kg,100,0,122.34,5.37
186,Tomato pomace,By-Product/Other,Conc,24.7,5.5,19.3,42,53,5,7.4,29.767,80,38,3.8,8,47.6,60,70,13.3,1.19,13,12.3,13.3,2.622,0.22,0.47,0.28,0.98,0.12,1,0.15,11,541,11,54,1.8,0,0,0,0,11.5,3.9,4.1,7.1,8,2.3,5.8,3.3,0,4.4,0,0,0,0,0,0,0,0,0,0,0,91,73,28,72,0,0,0,0,0,0,0,0.6,0.725,1,0.92,1,0.05,0.1,0.31,0.004,0.2,FALSE,TRUE,kg,100,0,65.49,2.99
187,"Triticale silage, mature",Grain Crop Forage,Forage,30.142,10.065,14.16,56,33,11,5.9,29.508,65,62.655,0.806,1.69,37.164,58.59,58.453,4.335,1.703,10.061,2.475,3.468,2.548,0.384,0.337,0.172,2.823,0.051,0.863,0.196,8.913,455.422,47.687,35.402,1.459,0,0,0,0,3.84,2.53,3.04,5.86,1.83,1.31,4.78,2.14,1.03,3.68,1.123,0.423,11.416,2.232,0.918,0,1.488,14.527,62.817,5.056,0,91,73,67,33,0,0,0,0,0,0,0,0.4,0.787,1,0.92,1,0.05,0.1,0.31,0.004,0.2,FALSE,TRUE,kg,100,0,57.23,2.57
193,Wheat bran,By-Product/Other,Conc,90.095,5.485,17.403,43,51,6,24.233,17.882,69.182,39.95,0.609,3.1,13.815,40.085,43.333,4.151,20.804,8.021,4.02,4.387,3.048,0.132,1.055,0.429,1.221,0.031,0.109,0.191,10.756,163.089,132.641,76.583,1.37,0,0,0,0.5,6.938,2.754,3.188,6.213,4.051,1.456,3.906,3.188,1.84,4.815,0,0.099,17.054,0,1.084,0,17.807,59.09,4.731,0.135,0,91,73,5,95,0,0,0,0,0,0,0,0.6,0.688,1,0.92,1,0.05,0.1,0.31,0.004,0.2,FALSE,FALSE,kg,100,0,71.53,3.23
194,Wheat grain,Energy Source,Conc,85.689,2.064,13.485,31,54,15,19.1,28.686,87.734,28.401,0.448,1.593,4.193,12.46,55.714,1.518,63.011,5.917,1.78,1.976,3.558,0.1,0.359,0.135,0.473,0.011,0.126,0.148,4.453,71.062,42.595,31.688,1,0.04,0,0,0.3,4.794,2.154,3.445,6.537,2.761,1.537,4.447,2.946,1.357,4.444,0,0.233,19.504,0,1.081,0,14.656,60.202,4.324,0,0,93,73,15,85,0,0,0,0,0,0,0,0.6,0.704,1,0.92,1,0.05,0.1,0.31,0.004,0.2,FALSE,FALSE,kg,100,0,86.61,3.83
195,"Wheat hay, headed",Grain Crop Forage,Forage,90.592,8.119,9.877,35,53,12,4.3,42.39,70,39.806,5.926,11.901,33.575,52.847,57.222,4.905,12.164,9.595,1.013,2.088,2.523,0.308,0.233,0.143,1.653,0.051,0.624,0.158,7.518,303.336,51.346,24.962,1.648,0,0,0,0,2.02,3.6,4.01,6.64,4.21,1.77,4.24,4.21,1.03,5.8,1.193,0.43,16.44,0.476,1.33,0.055,2.534,23.382,49.897,4.263,0,91,73,67,33,0,0,0,0,0,0,0,0.4,0.787,1,0.92,1,0.05,0.1,0.31,0.004,0.2,FALSE,FALSE,kg,100,0,52.68,2.33
197,Wheat middlings,By-Product/Other,Conc,88.275,5.875,19.096,48,44,8,16.18,21.904,57,40.075,0.686,2.771,13.174,38.673,48.58,3.765,22.922,7.896,3.85,4.353,3.049,0.137,1.215,0.447,1.226,0.016,0.1,0.204,11.507,153.487,132.825,90.181,1.641,0,0,0,0.5,6.646,2.609,3.106,6.087,3.975,1.491,3.975,3.168,1.429,4.534,0,0.096,17.088,0.122,1.168,0,17.687,57.78,4.714,1.345,0,91,73,5,95,0,0,0,0,0,0,0,0.6,0.688,1,0.92,1,0.05,0.1,0.31,0.004,0.2,FALSE,FALSE,kg,100,0,73.26,3.33
198,"Wheat silage, HEADED",Grain Crop Forage,Forage,34.801,10.534,10.728,62,29,9,10,22.467,72.286,69.466,1.169,1.552,35.053,51.106,61.439,4.991,12.987,6.51,1.533,3.056,2.507,0.299,0.293,0.132,2.028,0.064,0.738,0.167,7.685,542.604,45.948,28.183,1.576,0,0,0,0,2.02,3.6,4.01,6.64,4.21,1.77,4.24,4.21,1.03,5.8,6.557,0.541,16.763,1.674,1.944,0,3.797,19.963,44.299,4.462,0,91,73,67,33,0,0,0,0,0,0,0,0.4,0.787,1,0.92,1,0.05,0.1,0.31,0.004,0.2,FALSE,TRUE,kg,100,0,57.25,2.55
200,Wheat straw,By-Product/Other,Forage,89.455,8.002,4.497,10,51,39,1.35,79.573,61.5,35.983,1.258,1.514,53.131,76.9,41.816,8.194,1.81,4.191,0.548,1.49,1.961,0.376,0.119,0.123,1.41,0.075,0.485,0.106,6.195,223.915,50.488,16.622,1.44,0,0,0,0,2.02,3.6,4.01,6.64,4.21,1.77,4.24,4.21,1.03,5.8,1.193,0.43,16.44,0.476,1.33,0.055,2.534,23.382,49.897,4.263,0,91,73,67,33,0,0,0,0,0,0,0,0.4,0.787,1,0.92,1,0.05,0.1,0.31,0.004,0.2,FALSE,FALSE,kg,100,0,47.52,2.04
201,"Skim milk, powder",Calf Liquid Feed,Conc,94,6.9,37.4,0,0,0,0,0,100,0,0,0,0,0,0,0,0,56,0.8,1,4.25,1.29,1.08,0.1,1.85,0.55,1,0.45,0.42,3.3,0.2,42,0,0,0.01,0.15,0.2,3.75,2.92,6.18,10.6,8.8,3,5.26,4.62,1.65,6.9,0,0,0,0,0,0,0,0,0,0,0,0,80,0,100,0,0,0,0,0,0,0,0,0,0,0,0,0,0,0,0,0,FALSE,FALSE,kg,100,0,0,4.25
202,Whole milk,Calf Liquid Feed,Conc,12.5,6.3,25.4,0,0,0,0,0,100,0,0,0,0,0,0,0,0,0,28.9,30.8,5.59,1,0.75,0.1,1.23,0.4,0.92,0.32,0.8,4.1,0.4,38,0,0,0.01,0.15,0.16,3.75,2.92,6.18,10.6,8.8,3,5.26,4.62,1.65,6.9,0,0,0,0,0,0,0,0,0,0,0,0,0,0,100,0,0,0,0,0,0,0,0,0.68,0,0,0,0,0,0,0,0,FALSE,FALSE,kg,100,0,0,5.59
203,Milk replacer 28 CP 17.5 fat,Calf Liquid Feed,Conc,15,7,29.2,0,0,0,0,0,0,0,0,0,0,0,0,0,0,45.6,18,18.2,4.93,0.8,0.6,0.15,1.1,0.4,0.32,0.2,5,85,60,65,0,0,0,0,0,0,0,0,0,0,0,0,0,0,0,0,0,0,0,0,0,0,0,0,0,0,0,80,0,0,0,0.1,1000,10,9800,3200,200,0,0,0,0,0,0,0,0,0,0,FALSE,FALSE,kg,100,0,0,4.78
208,"Whey, delactosed",By-Product/Other,Conc,93,16.5,17.9,0,0,0,0,0,100,91.106,0,0,0,0,0,0,0,0,5.274,0.7,3.54,1.71,1.12,0.23,3.16,1.54,1.1,1.15,0.72,9,0.1,20,0,0,0.01,0,0.25,2.751,1.834,5.066,8.777,6.943,1.397,3.231,5.459,1.5,4.803,0.72,6.751,35.743,0.945,17.814,2.641,27.083,6.885,0,1.418,0,91,73,0,100,0,0,0,0,0,0,0,0.6,0.68,1,0.92,1,0.05,0.1,0.31,0.004,0.2,FALSE,FALSE,kg,100,0,74.8,3.3
209,"Whey, dry",By-Product/Other,Conc,92.624,9.66,17.833,90,10,0,5,10.898,95,91.106,0.221,0.534,0.302,0.647,0,0.225,1.43,56.1,5.274,6.274,3.63,0.923,0.892,0.145,2.603,0.742,1.646,0.24,1.242,10.652,1.241,4.511,0,0,0,0,0.06,2.751,1.834,5.066,8.777,6.943,1.397,3.231,5.459,1.5,4.803,0.72,6.751,35.743,0.945,17.814,2.641,27.083,6.885,0,1.418,0,91,73,0,100,0,0,0,0,0,0,0,0.6,0.68,1,0.92,1,0.05,0.1,0.31,0.004,0.2,FALSE,FALSE,kg,100,0,74.8,3.6
210,"Whey, wet",By-Product/Other,Conc,22.87,13.529,7.416,90,10,0,5,10.898,95,53.672,0.341,0.666,0.924,2.172,0,0.319,1.43,50.6,0.971,1.971,3.162,1.26,1.285,0.225,4.006,1.434,3.001,0.195,5.141,74.434,2.739,38.832,0,0,0,0,0.06,2.174,1.652,5.391,9.043,7.217,1.391,2.957,6.174,1.565,5.13,0.72,6.751,35.743,0.945,17.814,2.641,27.083,6.885,0,1.418,0,91,73,0,100,0,0,0,0,0,0,0,0.6,0.68,1,0.92,1,0.05,0.1,0.31,0.004,0.2,FALSE,FALSE,kg,100,0,80.33,3.6
216,Calf starter 18CP high starch (Fed to calves only),Energy Source,Conc,88,8.01,20.6,0,0,0,0,0,85,0,0.63,1.26,7.78,17.37,54.25,1.96,37.92,7.68,3,3.73,3.2,0.75,0.37,0.15,0.6,0.22,0.17,0.2,6,60,40,55,0,0,0.2,0.5,0.3,0,0,0,0,0,0,0,0,0,0,0,0,0,0,0,0,0,0,0,0,0,90,81,80,20,0,0,0,0,3700,1100,67,0.6,0.68,1,0.92,1,0.05,0.1,0.3,0.004,0.2,FALSE,FALSE,kg,100,0,0,3.69
229,Bone meal,Vitamin/Mineral,Conc,100,79,0,0,0,0,0,0,0,0,0,0,0,0,0,0,0,0,0,0,0,31,12.9,0,0,5.7,0,2.5,0,2.7,0,0,0,0,0,0,0,0,0,0,0,0,0,0,0,0,0,0,0,0,0,0,0,0,0,0,0,0,91,73,0,100,0,0,0,0,0,0,0,0.6,0.8,1,0,0,0,0.01,0,0,0,FALSE,FALSE,kg,100,0,0,0
230,Calcium carbonate,Vitamin/Mineral,Mineral,100,100,0,0,0,0,0,0,0,0,0,0,0,0,0,0,0,0,0,0,0,39.4,0,0,0,0,0,0,0,0,0,0,0,0,0,0,0,0,0,0,0,0,0,0,0,0,0,0,0,0,0,0,0,0,0,0,0,0,91,73,0,100,0,0,0,0,0,0,0,0.5,0.68,0,0,0,0,0,0,0,0,FALSE,FALSE,kg,100,0,0,0
231,Calcium phosphate (di),Vitamin/Mineral,Mineral,100,100,0,0,0,0,0,0,0,0,0,0,0,0,0,0,0,0,0,0,0,22,19.3,0,0,0,0,0,0,1.4,0,0,0,0,0,0,0,0,0,0,0,0,0,0,0,0,0,0,0,0,0,0,0,0,0,0,0,0,91,73,0,100,0,0,0,0,0,0,0,0.75,0.8,0,0,0,0,0.01,0,0,0,FALSE,FALSE,kg,100,0,0,0
232,Calcium phosphate (mono),Vitamin/Mineral,Mineral,100,100,0,0,0,0,0,0,0,0,0,0,0,0,0,0,0,0,0,0,0,16.4,21.6,0,0,0,0,0,0,1.6,0,0,0,0,0,0,0,0,0,0,0,0,0,0,0,0,0,0,0,0,0,0,0,0,0,0,0,0,91,73,0,100,0,0,0,0,0,0,0,0.6,0.68,0,0,0,0,0.01,0,0,0,FALSE,FALSE,kg,100,0,0,0
233,Calcium sulfate (2H2O),Vitamin/Mineral,Mineral,100,100,0,0,0,0,0,0,0,0,0,0,0,0,0,0,0,0,0,0,0,23.3,0,0,0,0,0,23.5,0,0,0,0,0,0,0,0,0,0,0,0,0,0,0,0,0,0,0,0,0,0,0,0,0,0,0,0,0,0,91,73,0,100,0,0,0,0,0,0,0,0.6,0.68,0,0,0,0,0,0,0,0,FALSE,FALSE,kg,100,0,0,0
234,Limestone,Vitamin/Mineral,Mineral,100,100,0,0,0,0,0,0,0,0,0,0,0,0,0,0,0,0,0,0,0,35,0,1,0,0,0,0,0,0,0,0,0,0,0,0,0,0,0,0,0,0,0,0,0,0,0,0,0,0,0,0,0,0,0,0,0,0,91,73,0,100,0,0,0,0,0,0,0,0.45,0.68,0,0,0,0,0,0.12,0,0,FALSE,FALSE,kg,100,0,0,0
235,Dolomite limestone (magnesium),Vitamin/Mineral,Mineral,100,100,0,0,0,0,0,0,0,0,0,0,0,0,0,0,0,0,0,0,0,22,0,10,0,0,0,0,0,0,0,0,0,0,0,0,0,0,0,0,0,0,0,0,0,0,0,0,0,0,0,0,0,0,0,0,0,0,91,73,0,100,0,0,0,0,0,0,0,0.35,0.68,0,0,0,0,0,0.12,0,0,FALSE,FALSE,kg,100,0,0,0
236,Magnesium oxide,Vitamin/Mineral,Mineral,100,100,0,0,0,0,0,0,0,0,0,0,0,0,0,0,0,0,0,0,0,0,0,56.2,0,0,0,0,0,0,0,0,0,0,0,0,0,0,0,0,0,0,0,0,0,0,0,0,0,0,0,0,0,0,0,0,0,0,91,73,0,100,0,0,0,0,0,0,0,0.45,0.68,0,0,0,0,0,0.23,0,0,FALSE,FALSE,kg,100,0,0,0
237,Potassium chloride,Vitamin/Mineral,Mineral,100,100,0,0,0,0,0,0,0,0,0,0,0,0,0,0,0,0,0,0,0,0,0,0,50,0,50,0,0,0,0,0,0,0,0,0,0,0,0,0,0,0,0,0,0,0,0,0,0,0,0,0,0,0,0,0,0,0,91,73,0,100,0,0,0,0,0,0,0,0,0.68,0,0.92,1,0,0,0,0,0,FALSE,FALSE,kg,100,0,0,0
239,Sodium chloride (salt),Vitamin/Mineral,Mineral,100,100,0,0,0,0,0,0,0,0,0,0,0,0,0,0,0,0,0,0,0,0,0,0,0,39.3,60.7,0,0,0,0,0,0,0,0,0,0,0,0,0,0,0,0,0,0,0,0,0,0,0,0,0,0,0,0,0,0,0,91,73,0,100,0,0,0,0,0,0,0,0,0.68,1,0.92,0,0,0,0,0,0,FALSE,FALSE,kg,100,0,0,0
240,Sodium bicarbonate,Vitamin/Mineral,Mineral,100,100,0,0,0,0,0,0,0,0,0,0,0,0,0,0,0,0,0,0,0,0,0,0,0,27,0,0,0,0,0,0,0,0,0,0,0,0,0,0,0,0,0,0,0,0,0,0,0,0,0,0,0,0,0,0,0,0,91,73,0,100,0,0,0,0,0,0,0,0,0.68,1,0,0,0,0,0,0,0,FALSE,FALSE,kg,100,0,0,0
241,"Phosphate, monosodium (H2O)",Vitamin/Mineral,Mineral,100,100,0,0,0,0,0,0,0,0,0,0,0,0,0,0,0,0,0,0,0,0,22.5,0,0,16.7,0,0,0,0,0,0,0,0,0,0,0,0,0,0,0,0,0,0,0,0,0,0,0,0,0,0,0,0,0,0,0,0,91,73,0,100,0,0,0,0,0,0,0,0,0.9,1,0,0,0,0,0,0,0,FALSE,FALSE,kg,100,0,0,0
242,Sodium sulfate,Vitamin/Mineral,Mineral,100,100,0,0,0,0,0,0,0,0,0,0,0,0,0,0,0,0,0,0,0,0,0,0,0,14.3,0,10,0,0,0,0,0,0,0,0,0,0,0,0,0,0,0,0,0,0,0,0,0,0,0,0,0,0,0,0,0,0,91,73,0,100,0,0,0,0,0,0,0,0,0.68,1,0,0,0,0,0,0,0,FALSE,FALSE,kg,100,0,0,0
243,Potassium sulfate,Vitamin/Mineral,Mineral,100,100,0,0,0,0,0,0,0,0,0,0,0,0,0,0,0,0,0,0,0,0,0,0,41.8,0,0,17.4,0,0,0,0,0,0,0,0,0,0,0,0,0,0,0,0,0,0,0,0,0,0,0,0,0,0,0,0,0,0,91,73,0,100,0,0,0,0,0,0,0,0,0.68,0,0,1,0,0,0,0,0,FALSE,FALSE,kg,100,0,0,0
244,Ammonium sulfate,Vitamin/Mineral,Mineral,100,33,134.1,100,0,0,0,11,100,0,0,0,0,0,0,0,0,0,0,0,0,0,0,0,0,0,0,24.1,0,0,0,0,0,0,0,0,0,0,0,0,0,0,0,0,0,0,0,0,0,0,0,0,0,0,0,0,0,100,91,73,0,100,0,0,0,0,0,0,0,0,0.68,0,0,0,0,0,0,0,0,FALSE,FALSE,kg,100,0,0,0
245,Ammonium phosphate (dibasic),Vitamin/Mineral,Mineral,100,36,115.9,100,0,0,0,0,100,100,0,0,0,0,0,0,0,0,0,0,0,0,20.6,0,0,0,0,2.2,0,1.2,0,0,0,0,0,0,0,0,0,0,0,0,0,0,0,0,0,0,0,0,0,0,0,0,0,0,0,100,91,73,100,0,0,0,0,0,0,0,0,0.6,0.8,1,0.92,1,0.05,0.1,0.3,0.004,0.2,FALSE,FALSE,kg,100,0,0,0
246,Ammonium chloride,Vitamin/Mineral,Mineral,100,100,163.6,100,0,0,1,0,100,100,0,0,0,0,0,0,0,0,0,0,0,0,0,0,0,0,66.3,0,0,0,0,0,0,0,0,0,0,0,0,0,0,0,0,0,0,0,0,0,0,0,0,0,0,0,0,0,0,100,91,73,100,0,0,0,0,0,0,0,0,0,0,0,0.92,0,0,0,0,0,0,FALSE,FALSE,kg,100,0,0,0
247,Calcium chloride (2H2O),Vitamin/Mineral,Mineral,100,100,0,0,0,0,0,0,0,0,0,0,0,0,0,0,0,0,0,0,0,27.5,0,0,0,0,48.2,0,0,0,0,0,0,0,0,0,0,0,0,0,0,0,0,0,0,0,0,0,0,0,0,0,0,0,0,0,0,0,91,73,0,100,0,0,0,0,0,0,0,0.6,0.68,0,0.92,0,0,0,0,0,0,FALSE,FALSE,kg,100,0,0,0
248,Calcium chloride,Vitamin/Mineral,Mineral,100,100,0,0,0,0,0,0,0,0,0,0,0,0,0,0,0,0,0,0,0,36.1,0,0,0,0,63.9,0,0,0,0,0,0,0,0,0,0,0,0,0,0,0,0,0,0,0,0,0,0,0,0,0,0,0,0,0,0,0,91,73,0,100,0,0,0,0,0,0,0,0.6,0.68,0,0.92,0,0,0,0,0,0,FALSE,FALSE,kg,100,0,0,0
249,Calcium hydroxide,Vitamin/Mineral,Mineral,100,100,0,0,0,0,0,0,0,0,0,0,0,0,0,0,0,0,0,0,0,54.1,0,0,0,0,0,0,0,0,0,0,0,0,0,0,0,0,0,0,0,0,0,0,0,0,0,0,0,0,0,0,0,0,0,0,0,0,91,73,0,100,0,0,0,0,0,0,0,0.6,0.68,0,0,0,0,0,0,0,0,FALSE,FALSE,kg,100,0,0,-1
250,Calcium oxide,Vitamin/Mineral,Mineral,100,100,0,0,0,0,0,0,0,0,0,0,0,0,0,0,0,0,0,0,0,71.5,0,0,0,0,0,0,0,0,0,0,0,0,0,0,0,0,0,0,0,0,0,0,0,0,0,0,0,0,0,0,0,0,0,0,0,0,91,73,0,100,0,0,0,0,0,0,0,0.33,0.68,0,0,0,0,0,0,0,0,FALSE,FALSE,kg,100,0,0,-1
251,Magnesium chloride (6H2O),Vitamin/Mineral,Mineral,100,100,0,0,0,0,0,0,0,0,0,0,0,0,0,0,0,0,0,0,0,0,0,12,0,0,34.9,0,0,0,0,0,0,0,0,0,0,0,0,0,0,0,0,0,0,0,0,0,0,0,0,0,0,0,0,0,0,0,91,73,0,100,0,0,0,0,0,0,0,0,0.68,0,0.92,0,0,0,0.27,0,0,FALSE,FALSE,kg,100,0,0,0
252,Oystershell,Vitamin/Mineral,Mineral,100,100,0,0,0,0,0,0,0,0,0,0,0,0,0,0,0,0,0,0,0,38,0,0,0,0,0,0,0,0,0,0,0,0,0,0,0,0,0,0,0,0,0,0,0,0,0,0,0,0,0,0,0,0,0,0,0,0,91,73,0,100,0,0,0,0,0,0,0,0.5,0.68,0,0,0,0,0,0,0,0,FALSE,FALSE,kg,100,0,0,-1
253,Magnesium carbonate,Vitamin/Mineral,Mineral,100,100,0,0,0,0,0,0,0,0,0,0,0,0,0,0,0,0,0,0,0,0,0,30.8,0,0,0,0,0,0,0,0,0,0,0,0,0,0,0,0,0,0,0,0,0,0,0,0,0,0,0,0,0,0,0,0,0,0,91,73,0,100,0,0,0,0,0,0,0,0,0.68,0,0,0,0,0,0.23,0,0,FALSE,FALSE,kg,100,0,0,-1
254,Magnesium hydroxide,Vitamin/Mineral,Mineral,100,100,0,0,0,0,0,0,0,0,0,0,0,0,0,0,0,0,0,0,0,0,0,41.7,0,0,0,0,0,0,0,0,0,0,0,0,0,0,0,0,0,0,0,0,0,0,0,0,0,0,0,0,0,0,0,0,0,0,91,73,0,100,0,0,0,0,0,0,0,0,0.68,0,0,0,0,0,0.23,0,0,FALSE,FALSE,kg,100,0,0,-1
255,Magnesium sulfate (7H2O),Vitamin/Mineral,Mineral,100,100,0,0,0,0,0,0,0,0,0,0,0,0,0,0,0,0,0,0,0,0,0,9.8,0,0,0,13.3,0,0,0,0,0,0,0,0,0,0,0,0,0,0,0,0,0,0,0,0,0,0,0,0,0,0,0,0,0,0,91,73,0,100,0,0,0,0,0,0,0,0,0.68,0,0,0,0,0,0.27,0,0,FALSE,FALSE,kg,100,0,0,-1
256,Ammonium phosphate (monobasic),Vitamin/Mineral,Mineral,100,36,70.9,100,0,0,0,0,100,0,0,0,0,0,0,0,0,0,0,0,0,0,24.7,0,0,0,0,1.5,0,1.7,0,0,0,0,0,0,0,0,0,0,0,0,0,0,0,0,0,0,0,0,0,0,0,0,0,0,0,100,91,73,100,0,0,0,0,0,0,0,0,0.6,0.8,1,0.92,1,0.05,0.1,0.3,0.004,0.2,FALSE,FALSE,kg,100,0,0,-1
257,"Phosphate, Curacao",Vitamin/Mineral,Mineral,100,100,0,0,0,0,0,0,0,0,0,0,0,0,0,0,0,0,0,0,0,35.1,14.1,0,0,0,0,0,0,0,0,0,0,0,0,0,0,0,0,0,0,0,0,0,0,0,0,0,0,0,0,0,0,0,0,0,0,0,91,73,0,100,0,0,0,0,0,0,0,0.45,0.85,0,0,0,0,0,0,0,0,FALSE,FALSE,kg,100,0,0,-1
258,"Phosphate, defluorinated",Vitamin/Mineral,Mineral,100,100,0,0,0,0,0,0,0,0,0,0,0,0,0,0,0,0,0,0,0,32,18,0,0,4.9,0,0,0,0,0,0,0,0,0,0,0,0,0,0,0,0,0,0,0,0,0,0,0,0,0,0,0,0,0,0,0,0,91,73,0,100,0,0,0,0,0,0,0,0.45,0.65,1,0,0,0,0,0,0,0,FALSE,FALSE,kg,100,0,0,-1
259,Phosphoric acid,Vitamin/Mineral,Mineral,75,100,0,0,0,0,0,0,0,0,0,0,0,0,0,0,0,0,0,0,0,0,31.6,0,0,0,0,0,0,0,0,0,0,0,0,0,0,0,0,0,0,0,0,0,0,0,0,0,0,0,0,0,0,0,0,0,0,0,91,73,0,100,0,0,0,0,0,0,0,0,0.9,0,0,0,0,0,0,0,0,FALSE,FALSE,kg,100,0,0,-1
260,Sodium tripolyphosphate,Vitamin/Mineral,Mineral,100,100,0,0,0,0,0,0,0,0,0,0,0,0,0,0,0,0,0,0,0,0,25,0,0,31,0,0,0,0,0,0,0,0,0,0,0,0,0,0,0,0,0,0,0,0,0,0,0,0,0,0,0,0,0,0,0,0,91,73,0,100,0,0,0,0,0,0,0,0,0.75,1,0,0,0,0,0,0,0,FALSE,FALSE,kg,100,0,0,-1
261,Potassium bicarbonate,Vitamin/Mineral,Mineral,100,100,0,0,0,0,0,0,0,0,0,0,0,0,0,0,0,0,0,0,0,0,0,0,39.1,0,0,0,0,0,0,0,0,0,0,0,0,0,0,0,0,0,0,0,0,0,0,0,0,0,0,0,0,0,0,0,0,0,91,73,0,100,0,0,0,0,0,0,0,0,0.68,0,0,1,0,0,0,0,0,FALSE,FALSE,kg,100,0,0,-1
262,Potassium carbonate,Vitamin/Mineral,Mineral,100,100,0,0,0,0,0,0,0,0,0,0,0,0,0,0,0,0,0,0,0,0,0,0,56.6,0,0,0,0,0,0,0,0,0,0,0,0,0,0,0,0,0,0,0,0,0,0,0,0,0,0,0,0,0,0,0,0,0,91,73,0,100,0,0,0,0,0,0,0,0,0.68,0,0,1,0,0,0,0,0,FALSE,FALSE,kg,100,0,0,-1
263,Potassium iodide,Vitamin/Mineral,Mineral,100,100,0,0,0,0,0,0,0,0,0,0,0,0,0,0,0,0,0,0,0,0,0,0,21,0,0,0,0,0,0,0,0,0,0,688000,0,0,0,0,0,0,0,0,0,0,0,0,0,0,0,0,0,0,0,0,0,0,91,73,0,100,0,0,0,0,0,0,0,0,0.68,0,0,1,0,0,0,0,0,FALSE,FALSE,kg,100,0,0,-1
264,Sodium carbonate (H2O),Vitamin/Mineral,Mineral,100,100,0,0,0,0,0,0,0,0,0,0,0,0,0,0,0,0,0,0,0,0,0,0,0,37.1,0,0,0,0,0,0,0,0,0,0,0,0,0,0,0,0,0,0,0,0,0,0,0,0,0,0,0,0,0,0,0,0,91,73,0,100,0,0,0,0,0,0,0,0,0.68,1,0,0,0,0,0,0,0,FALSE,FALSE,kg,100,0,0,-1
265,Sodium sesquicarbonate (2H2O),Vitamin/Mineral,Mineral,100,100,0,0,0,0,0,0,0,0,0,0,0,0,0,0,0,0,0,0,0,0,0,0,0,30.5,0,0,0,0,0,0,0,0,0,0,0,0,0,0,0,0,0,0,0,0,0,0,0,0,0,0,0,0,0,0,0,0,91,73,0,100,0,0,0,0,0,0,0,0,0.68,1,0,0,0,0,0,0,0,FALSE,FALSE,kg,100,0,0,-1
266,Cobalt carbonate,Vitamin/Mineral,Mineral,100,100,0,0,0,0,0,0,0,0,0,0,0,0,0,0,0,0,0,0,0,0,0,0,0,0,0,0,0,0,0,0,0,0,460000,0,0,0,0,0,0,0,0,0,0,0,0,0,0,0,0,0,0,0,0,0,0,0,91,73,0,100,0,0,0,0,0,0,0,0,0.68,0,0,0,0,0,0,0,0,FALSE,FALSE,kg,100,0,0,-1
267,Cobalt carbonate (6H2O),Vitamin/Mineral,Mineral,100,100,0,0,0,0,0,0,0,0,0,0,0,0,0,0,0,0,0,0,0,0,0,0,0,0,0,0,0,0,0,0,0,0,259000,0,0,0,0,0,0,0,0,0,0,0,0,0,0,0,0,0,0,0,0,0,0,0,91,73,0,100,0,0,0,0,0,0,0,0,0.68,0,0,0,0,0,0,0,0,FALSE,FALSE,kg,100,0,0,-1
268,Cobalt chloride (6H2O),Vitamin/Mineral,Mineral,100,100,0,0,0,0,0,0,0,0,0,0,0,0,0,0,0,0,0,0,0,0,0,0,0,0,29.8,0,0,0,0,0,0,0,248000,0,0,0,0,0,0,0,0,0,0,0,0,0,0,0,0,0,0,0,0,0,0,0,91,73,0,100,0,0,0,0,0,0,0,0,0.68,0,0.92,0,0,0,0,0,0,FALSE,FALSE,kg,100,0,0,-1
269,Cobalt sulfate (7H2O),Vitamin/Mineral,Mineral,100,100,0,0,0,0,0,0,0,0,0,0,0,0,0,0,0,0,0,0,0,0,0,0,0,0,0,11.4,0,0,0,0,0,0,210000,0,0,0,0,0,0,0,0,0,0,0,0,0,0,0,0,0,0,0,0,0,0,0,91,73,0,100,0,0,0,0,0,0,0,0,0.68,0,0,0,0,0,0,0,0,FALSE,FALSE,kg,100,0,0,-1
270,Cobalt organic generic,Vitamin/Mineral,Mineral,98,80,0,0,0,0,0,0,0,0,0,0,0,0,0,0,0,0,0,0,0,0,0,0,0,0,0,0,0,0,0,0,0,0,1000,0,0,0,0,0,0,0,0,0,0,0,0,0,0,0,0,0,0,0,0,0,0,0,0,0,100,0,0,0,0,0,0,0,0,0,0,0,0,0,0,0,0,0,0,FALSE,FALSE,kg,100,0,0,-1
271,Copper chloride (2H2O),Vitamin/Mineral,Mineral,100,100,0,0,0,0,0,0,0,0,0,0,0,0,0,0,0,0,0,0,0,0,0,0,0,0,41.7,0,372000,0,0,0,0,0,0,0,0,0,0,0,0,0,0,0,0,0,0,0,0,0,0,0,0,0,0,0,0,0,91,73,0,100,0,0,0,0,0,0,0,0,0.68,0,0.92,0,0.05,0,0,0,0,FALSE,FALSE,kg,100,0,0,-1
272,Copper sulfate (5H2O),Vitamin/Mineral,Mineral,100,100,0,0,0,0,0,0,0,0,0,0,0,0,0,0,0,0,0,0,0,0,0,0,0,0,0,12.8,255000,0,0,0,0,0,0,0,0,0,0,0,0,0,0,0,0,0,0,0,0,0,0,0,0,0,0,0,0,0,91,73,0,100,0,0,0,0,0,0,0,0,0.68,0,0,0,0.05,0,0,0,0,FALSE,FALSE,kg,100,0,0,-1
273,Copper oxide,Vitamin/Mineral,Mineral,100,100,0,0,0,0,0,0,0,0,0,0,0,0,0,0,0,0,0,0,0,0,0,0,0,0,0,0,799000,0,0,0,0,0,0,0,0,0,0,0,0,0,0,0,0,0,0,0,0,0,0,0,0,0,0,0,0,0,91,73,0,100,0,0,0,0,0,0,0,0,0.68,0,0,0,0.005,0,0,0,0,FALSE,FALSE,kg,100,0,0,-1
274,"Copper organic, generic",Vitamin/Mineral,Mineral,98,80,0,0,0,0,0,0,0,0,0,0,0,0,0,0,0,0,0,0,0,0,0,0,0,0,0,0,1000,0,0,0,0,0,0,0,0,0,0,0,0,0,0,0,0,0,0,0,0,0,0,0,0,0,0,0,0,0,0,0,100,0,0,0,0,0,0,0,0,0,0,0,0,0,0.05,0,0,0,0,FALSE,FALSE,kg,100,0,0,-1
275,EDDI,Vitamin/Mineral,Mineral,100,100,0,0,0,0,0,0,0,0,0,0,0,0,0,0,0,0,0,0,0,0,0,0,0,0,0,0,0,0,0,0,0,0,0,803000,0,0,0,0,0,0,0,0,0,0,0,0,0,0,0,0,0,0,0,0,0,0,91,73,0,100,0,0,0,0,0,0,0,0,0.68,0,0,0,0,0,0,0,0,FALSE,FALSE,kg,100,0,0,-1
276,Calcium iodate,Vitamin/Mineral,Mineral,100,100,0,0,0,0,0,0,0,0,0,0,0,0,0,0,0,0,0,0,0,10,0,0,0,0,0,0,0,0,0,0,0,0,0,635000,0,0,0,0,0,0,0,0,0,0,0,0,0,0,0,0,0,0,0,0,0,0,91,73,0,100,0,0,0,0,0,0,0,0.6,0.68,0,0,0,0,0,0,0,0,FALSE,FALSE,kg,100,0,0,-1
277,Ferrous sulfate (7H2O),Vitamin/Mineral,Mineral,100,100,0,0,0,0,0,0,0,0,0,0,0,0,0,0,0,0,0,0,0,0,0,0,0,0,0,12.4,0,218000,0,0,0,0,0,0,0,0,0,0,0,0,0,0,0,0,0,0,0,0,0,0,0,0,0,0,0,0,91,73,0,100,0,0,0,0,0,0,0,0,0.68,0,0,0,0,0.2,0,0,0,FALSE,FALSE,kg,100,0,0,-1
278,Ferrous sulfate (H2O),Vitamin/Mineral,Mineral,100,100,0,0,0,0,0,0,0,0,0,0,0,0,0,0,0,0,0,0,0,0,0,0,0,0,0,18.9,0,329000,0,0,0,0,0,0,0,0,0,0,0,0,0,0,0,0,0,0,0,0,0,0,0,0,0,0,0,0,91,73,0,100,0,0,0,0,0,0,0,0,0.68,0,0,0,0,0.2,0,0,0,FALSE,FALSE,kg,100,0,0,-1
279,Ferrous carbonate,Vitamin/Mineral,Mineral,100,100,0,0,0,0,0,0,0,0,0,0,0,0,0,0,0,0,0,0,0,0,0,0,0,0,0,0,0,380000,0,0,0,0,0,0,0,0,0,0,0,0,0,0,0,0,0,0,0,0,0,0,0,0,0,0,0,0,91,73,0,100,0,0,0,0,0,0,0,0,0.68,0,0,0,0,0.1,0,0,0,FALSE,FALSE,kg,100,0,0,-1
280,Iron oxide,Vitamin/Mineral,Mineral,100,100,0,0,0,0,0,0,0,0,0,0,0,0,0,0,0,0,0,0,0,0,0,0,0,0,0,0,0,600000,0,0,0,0,0,0,0,0,0,0,0,0,0,0,0,0,0,0,0,0,0,0,0,0,0,0,0,0,91,73,0,100,0,0,0,0,0,0,0,0,0.68,0,0,0,0,0.01,0,0,0,FALSE,FALSE,kg,100,0,0,-1
281,"Iron, organic generic",Vitamin/Mineral,Mineral,95,80,0,0,0,0,0,0,0,0,0,0,0,0,0,0,0,0,0,0,0,0,0,0,0,0,0,0,0,1000,0,0,0,0,0,0,0,0,0,0,0,0,0,0,0,0,0,0,0,0,0,0,0,0,0,0,0,0,0,0,100,0,0,0,0,0,0,0,0,0.6,0.68,1,0.92,1,0.05,0.15,0.3,0.004,0.2,FALSE,FALSE,kg,100,0,0,-1
282,Manganese chloride,Vitamin/Mineral,Mineral,100,100,0,0,0,0,0,0,0,0,0,0,0,0,0,0,0,0,0,0,0,0,0,0,0,0,56.3,0,0,0,430000,0,0,0,0,0,0,0,0,0,0,0,0,0,0,0,0,0,0,0,0,0,0,0,0,0,0,0,91,73,0,100,0,0,0,0,0,0,0,0,0.68,0,0.92,0,0,0,0,0.005,0,FALSE,FALSE,kg,100,0,0,-1
283,Manganese chloride (4H2O),Vitamin/Mineral,Mineral,100,100,0,0,0,0,0,0,0,0,0,0,0,0,0,0,0,0,0,0,0,0,0,0,0,0,35.8,0,0,0,277000,0,0,0,0,0,0,0,0,0,0,0,0,0,0,0,0,0,0,0,0,0,0,0,0,0,0,0,91,73,0,100,0,0,0,0,0,0,0,0,0.68,0,0.92,0,0,0,0,0.005,0,FALSE,FALSE,kg,100,0,0,-1
284,Manganese carbonate,Vitamin/Mineral,Mineral,100,100,0,0,0,0,0,0,0,0,0,0,0,0,0,0,0,0,0,0,0,0,0,0,0,0,0,0,0,0,478000,0,0,0,0,0,0,0,0,0,0,0,0,0,0,0,0,0,0,0,0,0,0,0,0,0,0,0,91,73,0,100,0,0,0,0,0,0,0,0,0.68,0,0,0,0,0,0,0.002,0,FALSE,FALSE,kg,100,0,0,-1
285,Manganese sulfate (H2O),Vitamin/Mineral,Mineral,100,100,0,0,0,0,0,0,0,0,0,0,0,0,0,0,0,0,0,0,0,0,0,0,0,0,0,19,0,0,325000,0,0,0,0,0,0,0,0,0,0,0,0,0,0,0,0,0,0,0,0,0,0,0,0,0,0,0,91,73,0,100,0,0,0,0,0,0,0,0,0.68,0,0,0,0,0,0,0.005,0,FALSE,FALSE,kg,100,0,0,-1
286,Manganese sulfate (5H2O),Vitamin/Mineral,Mineral,100,100,0,0,0,0,0,0,0,0,0,0,0,0,0,0,0,0,0,0,0,0,0,0,0,0,0,13.3,0,0,228000,0,0,0,0,0,0,0,0,0,0,0,0,0,0,0,0,0,0,0,0,0,0,0,0,0,0,0,91,73,0,100,0,0,0,0,0,0,0,0,0.68,0,0,0,0,0,0,0.005,0,FALSE,FALSE,kg,100,0,0,-1
287,Manganese oxide,Vitamin/Mineral,Mineral,100,100,0,0,0,0,0,0,0,0,0,0,0,0,0,0,0,0,0,0,0,0,0,0,0,0,0,0,0,0,775000,0,0,0,0,0,0,0,0,0,0,0,0,0,0,0,0,0,0,0,0,0,0,0,0,0,0,0,91,73,0,100,0,0,0,0,0,0,0,0,0.68,0,0,0,0,0,0,0.003,0,FALSE,FALSE,kg,100,0,0,-1
288,Manganese organic generic,Vitamin/Mineral,Mineral,98,80,0,0,0,0,0,0,0,0,0,0,0,0,0,0,0,0,0,0,0,0,0,0,0,0,0,0,0,0,1000,0,0,0,0,0,0,0,0,0,0,0,0,0,0,0,0,0,0,0,0,0,0,0,0,0,0,0,0,0,100,0,0,0,0,0,0,0,0,0.6,0.68,1,0.92,1,0.05,0.1,0.3,0.004,0.2,FALSE,FALSE,kg,100,0,0,-1
289,"Selenite, sodium",Vitamin/Mineral,Mineral,100,100,0,0,0,0,0,0,0,0,0,0,0,0,0,0,0,0,0,0,0,0,0,0,0,36.6,0,0,0,0,0,0,0,0,0,0,456000,0,0,0,0,0,0,0,0,0,0,0,0,0,0,0,0,0,0,0,0,0,91,73,0,100,0,0,0,0,0,0,0,0,0.68,1,0,0,0,0,0,0,0,FALSE,FALSE,kg,100,0,0,-1
290,"Selenate, sodium (10 H2O)",Vitamin/Mineral,Mineral,100,100,0,0,0,0,0,0,0,0,0,0,0,0,0,0,0,0,0,0,0,0,0,0,0,12.5,0,0,0,0,0,0,0,0,0,0,214000,0,0,0,0,0,0,0,0,0,0,0,0,0,0,0,0,0,0,0,0,0,91,73,0,100,0,0,0,0,0,0,0,0,0.68,1,0,0,0,0,0,0,0,FALSE,FALSE,kg,100,0,0,-1
291,"Selenium yeast, generic",Vitamin/Mineral,Mineral,99,50,0,0,0,0,0,0,0,0,0,0,0,0,0,0,0,0,0,0,0,0,0,0,0,0,0,0,0,0,0,0,0,0,0,0,1000,0,0,0,0,0,0,0,0,0,0,0,0,0,0,0,0,0,0,0,0,0,0,0,0,100,0,0,0,0,0,0,0,0.6,0.68,1,0.92,1,0.05,0.1,0.3,0.004,0.2,FALSE,FALSE,kg,100,0,0,-1
292,Zinc carbonate,Vitamin/Mineral,Mineral,100,100,0,0,0,0,0,0,0,0,0,0,0,0,0,0,0,0,0,0,0,0,0,0,0,0,0,0,0,0,0,521000,0,0,0,0,0,0,0,0,0,0,0,0,0,0,0,0,0,0,0,0,0,0,0,0,0,0,91,73,0,100,0,0,0,0,0,0,0,0,0.68,0,0,0,0,0,0,0,0.2,FALSE,FALSE,kg,100,0,0,-1
293,Zinc chloride,Vitamin/Mineral,Mineral,100,100,0,0,0,0,0,0,0,0,0,0,0,0,0,0,0,0,0,0,0,0,0,0,0,0,52,0,0,0,0,480000,0,0,0,0,0,0,0,0,0,0,0,0,0,0,0,0,0,0,0,0,0,0,0,0,0,0,91,73,0,100,0,0,0,0,0,0,0,0,0.68,0,0.92,0,0,0,0,0,0.2,FALSE,FALSE,kg,100,0,0,-1
294,Zinc oxide,Vitamin/Mineral,Mineral,100,100,0,0,0,0,0,0,0,0,0,0,0,0,0,0,0,0,0,0,0,0,0,0,0,0,0,0,0,0,0,780000,0,0,0,0,0,0,0,0,0,0,0,0,0,0,0,0,0,0,0,0,0,0,0,0,0,0,91,73,0,100,0,0,0,0,0,0,0,0,0.68,0,0,0,0,0,0,0,0.16,FALSE,FALSE,kg,100,0,0,-1
295,Zinc sulfate (H2O),Vitamin/Mineral,Mineral,100,100,0,0,0,0,0,0,0,0,0,0,0,0,0,0,0,0,0,0,0,0,0,0,0,0,0,17.7,0,0,0,364000,0,0,0,0,0,0,0,0,0,0,0,0,0,0,0,0,0,0,0,0,0,0,0,0,0,0,91,73,0,100,0,0,0,0,0,0,0,0,0.68,0,0,0,0,0,0,0,0.2,FALSE,FALSE,kg,100,0,0,-1
296,"Zinc, organic generic",Vitamin/Mineral,Mineral,98,80,0,0,0,0,0,0,0,0,0,0,0,0,0,0,0,0,0,0,0,0,0,0,0,0,0,0,0,0,0,1000,0,0,0,0,0,0,0,0,0,0,0,0,0,0,0,0,0,0,0,0,0,0,0,0,0,0,0,0,0,100,0,0,0,0,0,0,0,0.6,0.68,1,0.92,1,0.05,0.1,0.3,0.004,0.2,FALSE,FALSE,kg,100,0,0,-1
297,Vit A premix,Vitamin/Mineral,Mineral,100,5,10,0,0,0,0,0,0,0,0,0,0,60,0,0,0,0,0,0,0,0,0,0,0,0,0,0,0,0,0,0,0,0,0,0,0,0,0,0,0,0,0,0,0,0,0,0,0,0,0,0,0,0,0,0,0,0,91,73,100,0,0,0,0,0,2500000,0,0,0.6,0.68,1,0.92,1,0.05,0.1,0.3,0.004,0.2,FALSE,FALSE,kg,100,0,0,-1
298,Vit D premix,Vitamin/Mineral,Mineral,100,0,0,0,0,0,0,0,0,0,0,0,0,0,0,0,0,0,0,0,0,0,0,0,0,0,0,0,0,0,0,0,0,0,0,0,0,0,0,0,0,0,0,0,0,0,0,0,0,0,0,0,0,0,0,0,0,0,91,73,100,0,0,0,0,0,0,250000,0,0.6,0.68,1,0.92,1,0.05,0.1,0.3,0.004,0.2,FALSE,FALSE,kg,100,0,0,-1
299,Vit E premix,Vitamin/Mineral,Mineral,100,0,0,0,0,0,0,0,0,0,0,0,0,0,0,0,0,0,0,0,0,0,0,0,0,0,0,0,0,0,0,0,0,0,0,0,0,0,0,0,0,0,0,0,0,0,0,0,0,0,0,0,0,0,0,0,0,0,91,73,100,0,0,0,0,0,0,0,44000,0.6,0.68,1,0.92,1,0.05,0.1,0.3,0.004,0.2,FALSE,FALSE,kg,100,0,0,-1
300,"VitTM Premix, generic",Vitamin/Mineral,Conc,92,18,16,40,50,10,3.38,43.054,85.033,18.222,1,3.5,12,26,0,4.5,15,10,2,3,0,0.8,0.8,0.4,1,0.021,0.04,0.6,1600,1000,4000,4000,0,0,0,80,50,0,0,0,0,0,0,0,0,0,0,0,0,0,0,0,0,0,0,0,0,0,91,73,100,0,0,0,0,0,560000,200000,4000,0.5,0.68,1,0.92,1,0.05,0.1,0.23,0.005,0.2,FALSE,FALSE,kg,100,0,0,-1
301,Farm ES Mineral Mix,Vitamin/Mineral,Mineral,99.4594,99.7347,0.0351,0,0,0,0,0,0,0,0,0,0.0859,0.1449,0,0.0101,0.0082,0.0018,0.0011,0.0012,0,15.43,2.32,2.89,0.06,13.55,8.37,0.2417,251.3637,2462.28,1292.51,264.16,0,0,26.2607,25.0102,7.8157,0,0,0,0,0,0,0,0,0,0,0,0,0,0,0,0,0,0,0,0,0,0,0,0,0,0,0,0,0,0,0,0,0,0,0,0,0,0,0,0,0,0,FALSE,FALSE,kg,100,0,0,0
302,Farm ES Midwest BP Blend,By-Product/Other,Conc,68.6995,5.8904,26.1583,0,0,0,0,76.6154,78,23.3846,0,0,14.9319,27.7655,0,3.6962,15.7649,11.6137,4.9401,5.7247,3.553654,0.3424,0.6637,0.297,1.3867,0,0,0.3549,11.472,209.4165,35.6587,52.45,0,0,0.1143,0.0083,0.2518,0,0,0,0,0,0,0,0,0,0,0,0,0,0,0,0,0,0,0,0,0,0,0,0,0,0,0,0,0,0,0,0,0,0,0,0,0,0,0,0,0,0,FALSE,FALSE,kg,100,0,80.6,3.553654
303,Farm ES Northeast BP Blend,By-Product/Other,Conc,74.1127,6.4784,33.3732,0,0,0,0,77.5061,78,22.4939,0,0,13.2178,23.8769,0,3.2081,10.4243,12.5508,4.4507,5.2209,3.694742,0.4217,0.7297,0.3505,1.6252,0,0,0.4525,12.9095,213.5327,42.7109,53.7315,0,0,0.163,0.009,0.3941,0,0,0,0,0,0,0,0,0,0,0,0,0,0,0,0,0,0,0,0,0,0,0,0,0,0,0,0,0,0,0,0,0,0,0,0,0,0,0,0,0,0,FALSE,FALSE,kg,100,0,83.8,3.694742
304,Farm ES South BP Blend,By-Product/Other,Conc,67.1754,6.3973,33.3305,0,0,0,0,73.2678,78,26.7322,0,0,15.9635,27.5982,0,3.8767,5.0555,12.0508,6.288,7.0928,3.738832,0.3065,0.8054,0.3374,1.556,0,0,0.4406,11.0774,244.278,23.0401,53.6712,0,0,0.0446,0.0013,0.1876,0,0,0,0,0,0,0,0,0,0,0,0,0,0,0,0,0,0,0,0,0,0,0,0,0,0,0,0,0,0,0,0,0,0,0,0,0,0,0,0,0,0,FALSE,FALSE,kg,100,0,84.8,3.738832
305,Farm ES West BP Blend,By-Product/Other,Conc,68.5128,6.3279,29.431,0,0,0,0,76.7231,78,23.2769,0,0,19.9238,31.7937,0,6.2331,6.3457,11.099,6.8229,8.0804,3.461065,0.3732,0.772,0.3689,1.4532,0,0,0.4311,7.9674,183.3055,32.9276,54.0155,0,0,0.0559,0.0023,0.4306,0,0,0,0,0,0,0,0,0,0,0,0,0,0,0,0,0,0,0,0,0,0,0,0,0,0,0,0,0,0,0,0,0,0,0,0,0,0,0,0,0,0,FALSE,FALSE,kg,100,0,78.5,3.461065
306,Aminoplus,Plant Protein,Conc,88,7,50,7,93,0,9,36,93,23.117,0.627,1.005,7.187,11.065,85.667,1.084,1.879,12.953,1.08,1.815,1.83,0.5,0.73,0.34,2.4,0.02,0.062,0.41,16.5,187.015,40,53,0,0,0.03,0,0,7.1,2.51,4.73,7.99,6.17,1.57,5.15,4.18,1.39,5.48,0,0.834,17.278,0,4.446,0.43,13.223,54.163,8.429,1.197,0,91,73,7,93,0,0,0,0,0,0,0,0.6,0.691,1,0.92,1,0.05,0.1,0.31,0.004,0.2,FALSE,FALSE,kg,100,0,81.39,4.35
307,Urea,NPN Supplement,Conc,99,0,281,100,0,0,0,0,0,100,0,0,0,0,0,0,0,0,0,0,2.21,0,0,0,0,0,0,0,0,0,0,0,0,0,0,0,0,0,0,0,0,0,0,0,0,0,0,0,0,0,0,0,0,0,0,0,0,0,0,0,0,0,0,0,0,0,0,0,0,0,0,0,0,0,0,0,0,0,0,FALSE,FALSE,kg,100,0,81.39,2.21
