,1866,1867,1868,1869,1870,1871,1872,1873,1874,1875,1876,1877,1878,1879,1880,1881,1882,1883,1884,1885,1886,1887,1888,1889,1890,1891,1892,1893,1894,1895,1896,1897,1898,1899,1900,1901,1902,1903,1904,1905,1906,1907,1908,1909,1910,1911,1912,1913,1914,1915,1916,1917,1918,1919,1920,1921,1922,1923,1924,1925,1926,1927,1928,1929,1930,1931,1932,1933,1934,1935,1936,1937,1938,1939,1940,1941,1942,1943,1944,1945,1946,1947,1948,1949,1950,1951,1952,1953,1954,1955,1956,1957,1958,1959,1960,1961,1962,1963,1964,1965,1966,1967,1968,1969,1970,1971,1972,1973,1974,1975,1976,1977,1978,1979,1980,1981,1982,1983,1984,1985,1986,1987,1988,1989,1990,1991,1992,1993,1994,1995,1996,1997,1998,1999,2000,2001,2002,2003,2004,2005,2006,2007,2008,2009,2010,2011,2012,2013,2014,2015,2016,2017,2018,2019,2020,2021,2022,2023,2024,2025
commodity_prices.digester_bedding_coproduct.dollars_per_kg_bedding.csv,,,,,,,,,,,,,,,,,,,,,,,,,,,,,,,,,,,,,,,,,,,,,,,,,,,,,,,,,,,,,,,,,,,,,,,,,,,,,,,,,,,,,,,,,,,,,,,,,,,,,,,,,,,,,,,,,,,,,,,,,,,,,,,,,,,,,,,,,,,,,,,,,,,,,,,,,,,,,,,0,
commodity_prices.alfalfa_silage.dollar_per_kilogram.csv,,,,,,,,,,,,,,,,,,,,,,,,,,,,,,,,,,,,,,,,,,,,,,,,,,,,,,,,,,,,,,,,,,,,,,,,,,,,,,,,,,,,,,,,,,,,,,,,,,,,,,,,,,,,,,,,,,,,,,,,,,,,,,,,,,,,,,,,,,,,,,,,,,,,,,,,,,,0.0630931948830723,0.0835670783798233,0.0910881462987152,0.0633717488715091,,
commodity_prices.elec_commercial.dollar_per_kwh.csv,,,,,,,,,,,,,,,,,,,,,,,,,,,,,,,,,,,,,,,,,,,,,,,,,,,,,,,,,,,,,,,,,,,,,,,,,,,,,,,,,,,,,,,,,,,,,,,,,,,,,,,,,,,,,,,,,,,,,,,,,,,,,,,,,,,,,,,,0.0792,0.0789,0.0803,0.0817,0.0867,0.0946,0.0965,0.1026,0.1016,0.1019,0.1024,0.1009,0.1026,0.1074,0.1064,0.1043,0.1066,0.1067,0.1068,0.1059,0.1122,0.1241,0.1259,,
commodity_prices.digester_fertilizer_coproduct.dollars_per_kg_nitrogen.csv,,,,,,,,,,,,,,,,,,,,,,,,,,,,,,,,,,,,,,,,,,,,,,,,,,,,,,,,,,,,,,,,,,,,,,,,,,,,,,,,,,,,,,,,,,,,,,,,,,,,,,,,,,,,,,,,,,,,,,,,,,,,,,,,,,,,,,,,,,,,,,,,,,,,,,,,,,,,,,,0,
farm_services.tractor_small.dollar_per_hour.csv,,,,,,,,,,,,,,,,,,,,,,,,,,,,,,,,,,,,,,,,,,,,,,,,,,,,,,,,,,,,,,,,,,,,,,,,,,,,,,,,,,,,,,,,,,,,,,,,,,,,,,,,,,,,,,,,,,,,,,,,,,,,,,,,,,47.97244357,49.74852234,50.76214868,50.68344546,51.82680823,54.26003263,54.91667788,55.66403354,57.40390996,60.18417941,65.35544032,68.14549984,70.60287995,76.89912163,73.04350432,76.51884475,81.81785692,83.91040504,84.66976841,85.57005298,81.84303552,81.11777965,83.50071984,87.63673275,89.71600224,89.14599376,96.08998672,114.676832,116.4707677,,
commodity_prices.soybean_meal.dollar_per_kilogram.csv,,,,,,,,,,,,,,,,,,,,,,,,,,,,,,,,,,,,,,,,,,,,,,,,,,,,,,,,,,,,,,,,,,,,,,,,,,,,,,,,,,,,,,,,,,,,,,,,,,,,,,,,,,,,,,,,,,,,,,,,,,,,,,,,,,,,,,,,,,,,,,0.227398,0.329003,0.337773,0.303152,0.330106,0.445305,0.442683,0.387732,0.32026,0.319079,0.316148,0.338912,0.303891,0.319633,0.382786,0.4433519999999999,0.438291,0.335356,
commodity_prices.calf_heifer_1.dollar_per_kilogram.csv,,,,,,,,,,,,,,,,,,,,,,,,,,,,,,,,,,,,,,,,,,,,,,,,,,,,,,,,,,,,,,,,,,,,,,,,,,,,,,,,,,,,,,,,,,,,,,,,,,,,,,,,,,,,,,,,,,,,,,,,,,,,,,,,,,,,,,,,,,,,,,,,,,,,,,,,2.93862,1.58092,0.937086,0.854145,0.80478,1.38506,2.89926,11.0253,12.9687
commodity_prices.bedding_sawdust.dollar_per_head.csv,,,,,,,,,,,,,,,,,,,,,,,,,,,,,,,,,,,,,,,,,,,,,,,,,,,,,,,,,,,,,,,,,,,,,,,,,,,,,,,,,,,,,,,,,,,,,,,,,,,,,,,,,,,,,,,,,,,,,,,,,,,,,,,,,,,,,,,,,,,,,,,,,,,,,,,,,,,,53.22,,,,
commodity_prices.net_fertilizer_nitrogen_solutions_30pct.dollar_per_kilogram.csv,,,,,,,,,,,,,,,,,,,,,,,,,,,,,,,,,,,,,,,,,,,,,,,,,,,,,,,,,,,,,,,,,,,,,,,,,,,,,,,,,,,,,,,,,,,,,,,,,,,,,0.0736343744660681,0.0725320634710671,0.0680677039413129,0.058422482735054,0.0590838693320546,0.0609577980235563,0.0612884913220567,0.0656426197523107,0.1361354078826259,0.1537723838026422,0.1240099869376147,0.1322773194001223,0.1259390311788665,0.1259390311788665,0.1444027403451336,0.1628664495114006,0.1614885607676494,0.1532212283051417,0.1573548945363955,0.1543235393001427,0.1289703864151193,0.1218053649476126,0.1504654508176392,0.1499142953201387,0.1471585178326361,0.1526700728076412,0.1521189173101407,0.1499142953201387,0.1537723838026422,0.1862905581551723,0.2006206010901856,0.1763697592001631,0.1477096733301366,0.1410958073601305,0.1444027403451336,0.2083367780551927,0.1399934963651295,0.1774720701951641,0.1962113571101815,0.2369968639252192,0.2557361508402366,0.3053401456152824,0.4420267089954089,0.3527395184003263,0.3119540115852885,0.3869111592453579,0.4442313309854109,0.4519475079504181,0.3957296472053661,0.377243891819199,0.3061448326416332,0.293016308691171,0.3158121000677921,0.3222826656084481,0.2952650231209731,0.4300997040294979,0.7076616125707547,,,
commodity_prices.natgas_commercial.dollar_per_megajoule.csv,,,,,,,,,,,,,,,,,,,,,,,,,,,,,,,,,,,,,,,,,,,,,,,,,,,,,,,,,,,,,,,,,,,,,,,,,,,,,,,,,,,,,,,,,,,,,,,,,,,,,,0.0006877077992755,0.0006784144506367,0.0006877077992755,0.0007155878451921,0.0007620545883864,0.0008178146802195,0.0008735747720527,0.0009943883043579,0.0012546020662459,0.0015241091767728,0.0018958431223272,0.0020724167464655,0.0025370841784085,0.0031504451885731,0.0037173394555435,0.00447939404393,0.0051949818891221,0.0051578084945667,0.0051113417513724,0.0047210211085403,0.0044329273007357,0.0043028204197917,0.0044050472548191,0.0044886873925688,0.0044701006952911,0.0045351541357631,0.0048511279894843,0.0050555816595392,0.0046931410626237,0.0050184082649838,0.0053901422105382,0.0050927550540947,0.0049533548245118,0.006124316753008,0.0078342929025581,0.0061614901475635,0.0078064128566415,0.008763627766444,0.010538657356466,0.0111520183666307,0.010538657356466,0.0113657653853245,0.0093491087306921,0.0088008011609994,0.0082803736372233,0.0075276123974757,0.007509025700198,0.0082710802885844,0.0073510387733374,0.0067655578090893,0.0073231587274208,0.0072395185896711,0.0070722383141716,0.0069514247818665,0.008168853453557,0.0105200706591883,0.010148336713634,,
commodity_prices.corn_seed.dollar_per_square_meter.csv,,,,,,,,,,,,,,,,,,,,,,,,,,,,,,,,,,,,,,,,,,,,,,,,,,,,,,,,,,,,,,,,,,,,,,,,,,,,,,,,,,,,,,,,,,,,,,,,,,,,,,,,,,,,,,,,,,,,,,,,,,,,,,,,,,,0.00658535,0.00709439,0.0074181,0.00748482,0.0074181,0.00799138,0.00786783,0.00860667,0.00909841,0.0100003,0.0107614,0.012118,0.0148313,0.0195015,0.0201588,0.0208483,0.0227436,0.024115,0.0249675,0.0251108,0.0243053,0.0239865,0.0231315,0.0224816,0.0226324,0.0241768,0.0272013,0.0285827,,
commodity_prices.propane_residential.dollar_per_liter.csv,,,,,,,,,,,,,,,,,,,,,,,,,,,,,,,,,,,,,,,,,,,,,,,,,,,,,,,,,,,,,,,,,,,,,,,,,,,,,,,,,,,,,,,,,,,,,,,,,,,,,,,,,,,,,,,,,,,,,,,,,,,,,,,,,,,,,,,,,,,,,,,,,,,,,0.7581741475824283,0.5681902356679989,0.5426976206012031,0.6326043942399898,0.6560716012268155,0.5761595177272739,0.5047889132220815,0.6555432568730996,0.7302160135890167,0.6759286312446999,0.6805954969210732,
commodity_prices.distiller_grains_modified_wet_50pct.dollar_per_kilogram.csv,,,,,,,,,,,,,,,,,,,,,,,,,,,,,,,,,,,,,,,,,,,,,,,,,,,,,,,,,,,,,,,,,,,,,,,,,,,,,,,,,,,,,,,,,,,,,,,,,,,,,,,,,,,,,,,,,,,,,,,,,,,,,,,,,,,,,,,,,,,,,,,,,,,,,,,,0.0616265,0.0751592,0.076337,0.0779986,0.108108,0.135124,0.126786,0.0863367,0.0822324
commodity_prices.net_fertilizer_super_phosphate_20pct.dollar_per_kilogram.csv,,,,,,,,,,,,,,,,,,,,,,,,,,,,,,,,,,,,,,,,,,,,,,,,,,,,,,,,,,,,,,,,,,,,,,,,,,,,,,,,,,,,,,,,,,,,,,,0.0416122400612885,0.042163395558789,0.0423287422080391,0.044423133098541,0.044312901999041,0.0449191730462915,0.0455254440935421,0.0464072928895429,0.047564719434294,0.048667030429295,0.050871652419297,0.0533518521580493,0.0557218207973015,0.0604617580758059,0.1076957842115996,0.1218053649476126,0.104884891174347,0.1119396815423535,0.1165693877213578,0.1292459641638695,0.1441271625963833,0.1510166063151397,,,,,,,,,,,,,,,,,,,,,,,,,,,,,,,,,,,,,,,,,,,,
commodity_prices.net_fertilizer_nitrogen.dollar_per_kilogram.csv,,,,,,,,,,,,,,,,,,,,,,,,,,,,,,,,,,,,,,,,,,,,,,,,,,,,,,,,,,,,,,,,,,,,,,,,,,,,,,,,,,,,,,,,,,,,,,,0.2606414347679911,0.2591974073645398,0.2522859174258834,0.2411635994863231,0.2391904628052713,0.2374818807630196,0.2331828678825157,0.2319923720079146,0.2127239758152967,0.1943374284186798,0.1945358443977799,0.1969058130370321,0.200025353152885,0.2220715730529054,0.4776313541339418,0.5312587840407414,0.4041182338773239,0.4192198945088378,0.4174121044770361,0.4440770074461108,0.5226607582797335,0.5817997431615382,0.5810171023550875,0.5411134443360506,0.575108715421882,0.5532057959512118,0.4872765753402008,0.4593550378368249,0.5038884020348662,0.52961634065819,0.522010394792683,0.5358223515600457,0.527543995987588,0.5410693518962506,0.5761669339770831,0.678902318711178,0.6956574458351936,0.6663580195880664,0.5834862789838898,0.533904330428744,0.5563914747267648,0.753495703742897,0.5768724130138837,0.7087418773458557,0.7536720735020972,0.8779907075183122,1.0044919173046292,1.1161449979882825,1.5086338508683454,1.3369158440670867,1.1619239736106748,1.471673363205961,1.722967200736344,1.719792545070741,1.695023617013068,1.47025138202241,1.193130397879154,1.1419721446011564,1.2308294339081884,1.256017240143962,1.1507575632313145,1.6762402376582508,2.757993132602502,,,
commodity_prices.net_fertilizer_potassium.dollar_per_kilogram.csv,,,,,,,,,,,,,,,,,,,,,,,,,,,,,,,,,,,,,,,,,,,,,,,,,,,,,,,,,,,,,,,,,,,,,,,,,,,,,,,,,,,,,,,,,,,,,,,0.0945231678213374,0.0966396049317394,0.0978301008063405,0.0988442269217414,0.098469441183441,0.098381256303841,0.099483567298842,0.0959010565650887,0.0896509532234329,0.085429102112579,0.0963640271829891,0.1064611958971984,0.1079382926304998,0.1149159212288563,0.1582698126622464,0.1803160325622668,0.1746281078280615,0.1750800553360119,0.1805034254314169,0.2135727552814475,0.2539944994681349,0.2824671924690113,0.2751147781323545,0.2503127807448316,0.2562873063377371,0.219547280874353,0.2002568384618352,0.2296444495885624,0.2884417180619169,0.2902715543136185,0.2801743855994091,0.2792484443636083,0.2709811119011007,0.2645546388002447,0.2663954981618964,0.2847599993386134,0.28108930372526,0.2792484443636083,0.299464828011927,0.3086470786002855,0.3031355236252804,0.3123177742136389,0.3012946642636287,0.3031355236252804,0.3325341578619576,0.4501066485887663,0.501551502725464,0.5144154720371259,1.0306607803259535,1.5671224722631,0.9388052051125184,1.1041518543626714,1.22172434508948,1.0931287444126612,1.1041518543626714,1.1745454345034363,1.0619774356939324,0.9876706515209136,0.9918043177521676,1.02702315404245,0.9803733527340068,0.9913964626840172,1.2473640988332038,,,
commodity_prices.net_fertilizer_super_phosphate_44to46pct.dollar_per_kilogram.csv,,,,,,,,,,,,,,,,,,,,,,,,,,,,,,,,,,,,,,,,,,,,,,,,,,,,,,,,,,,,,,,,,,,,,,,,,,,,,,,,,,,,,,,,,,,,,,,0.0879093018513313,0.0884053417990817,0.0881297640503315,0.0890667283960823,0.088736035097582,0.0885155728985818,0.0898383460925831,0.0906650793388338,0.0846023688663282,0.0812403203315751,0.0833898267718271,0.0844370222170781,0.08653141310758,0.1000898383460925,0.1862905581551723,0.2166041105177003,0.167551271240155,0.1628664495114006,0.1681024267376555,0.2083367780551927,0.2706173492727503,0.2629011723077432,0.2441618853927258,0.2323120421964649,0.2419572634027238,0.2193598880052029,0.2050298450701896,0.2204621990002039,0.2441618853927258,0.2386503304177207,0.223769131985207,0.2358945529302182,0.2204621990002039,0.2083367780551927,0.2353433974327177,0.2579407728302386,0.2843962367102631,0.2832939257152621,0.278884681735258,0.28108930372526,0.2568384618352376,0.2601453948202407,0.2436107298952253,0.2678615717852478,0.2932147246702712,0.3295909875053049,0.3571487623803304,0.4607659959104263,0.8818487960008158,0.7043767258056516,0.558871674465517,0.6977628598356455,0.8035847153557434,0.7727200074957148,0.6845351278956333,0.6477399868824992,0.5230134977981339,0.4975501138136103,0.5779637008989347,0.523244983107084,0.4727370933161373,0.820527235348909,1.0562454185199273,,,
commodity_prices.hay_all.dollar_per_kilogram.csv,0.0159614632076147,0.0157630472285145,0.0153221228305141,0.014065488296213,0.0159283938777647,0.0182652931871669,0.0169204737732656,0.0158732783280146,0.0152670072807641,0.014054465186263,0.0108026477510099,0.0096121518764088,0.0080689164834074,0.0106152548818598,0.013029315960912,0.0134812634688624,0.0110120868400601,0.0096672674261589,0.0099097758450591,0.0111002717196602,0.0096121518764088,0.0111223179395602,0.0101853535938094,0.0085318871013078,0.0089397421694582,0.0095349901067588,0.0096782905361089,0.0104499082326096,0.0098987527351091,0.0106152548818598,0.0083775635620077,0.0079476622739573,0.0071870676874066,0.0090389501590083,0.0107806015311099,0.01089083263061,0.0099759145047592,0.0101192149341093,0.0097223829759089,0.0093586203475586,0.0114640343480106,0.0127868075420118,0.0100089838346092,0.0112435721490104,0.0125663453430116,0.0146607362335135,0.0116844965470108,0.0124561142435115,0.0114640343480106,0.0110231099500101,0.0124561142435115,0.0187392869150173,0.0218257577010201,0.0231485308950214,0.0180779003180167,0.0120151898455111,0.0127868075420118,0.0142198118355131,0.0142198118355131,0.0142198118355131,0.0138891185370128,0.0113538032485105,0.0125663453430116,0.0125663453430116,0.0121254209450112,0.0094798745570087,0.0066138659700061,0.0084877946615078,0.0128970386415119,0.0083775635620077,0.0115742654475107,0.0099207989550091,0.0077161769650071,0.0113538032485105,0.0107806015311099,0.0135584252385125,0.0160937405270148,0.0219359888005202,0.0235894552930218,0.0223769131985207,0.0250224595865231,0.0252429217855233,0.0267861571785247,0.0232587619945215,0.0232587619945215,0.0283293925715262,0.0296521657655274,0.0241406107905223,0.0241406107905223,0.0248019973875229,0.0244713040890226,0.0212746022035196,0.0207234467060191,0.0245815351885227,0.0239201485915221,0.0228178375965211,0.0240303796910222,0.027116850477025,0.0263452327805243,0.0255736150840236,0.0275577748750254,0.0270066193775249,0.026014539482024,0.0272270815765251,0.0287703169695266,0.0309749389595286,0.0345023341435319,0.0458561373920424,0.0561076296455519,0.0574304028395531,0.0663591218990613,0.0591941004315547,0.0548950875510507,0.0654772731030605,0.0782640806450724,0.0741855299635686,0.0763901519535706,0.0835551734210773,0.0815710136300754,0.0745162232620689,0.0659181975010609,0.0716502146750662,0.0939168967740868,0.094137358973087,0.0888462661970821,0.0784845428440726,0.0819017069285757,0.0933657412765863,0.0955703632665884,0.0906099637890838,0.1056013933210976,0.1102310995001019,0.0932555101770862,0.0847677155155784,0.0932555101770862,0.1063730110175984,0.1018535359380942,0.0942475900725871,0.1014126115400938,0.1082469397091001,0.1212542094501121,0.1399934963651295,0.167551271240155,0.1190495874601101,0.1256634534301162,0.1962113571101815,0.2105414000451947,0.1940067351201794,0.1895974911401754,0.1598350942751478,0.1421981183551315,0.1565281612901448,0.1829836251701692,0.1796766921851662,0.171960515220159,0.2127460220351968,0.2634523278052437,0.2292806869602121,,
commodity_prices.calf_bull_1.dollar_per_kilogram.csv,,,,,,,,,,,,,,,,,,,,,,,,,,,,,,,,,,,,,,,,,,,,,,,,,,,,,,,,,,,,,,,,,,,,,,,,,,,,,,,,,,,,,,,,,,,,,,,,,,,,,,,,,,,,,,,,,,,,,,,,,,,,,,,,,,,,,,,,,,,,,,,,,,,,,,,,2.37761,2.01718,1.74913,2.1327,2.74353,3.41298,6.47891,12.4277,14.3706
commodity_prices.cows_steers_and_heifers_ge_500.dollar_per_kilogram.csv,,,,,,,,,,,,,,,,,,,,,,,,,,,,,,,,,,,,,,,,,,,,,,,,,,,,,,,,,,,,,,,,,,,,,,,,,,,,,,,,,,,,,,,,,,,,,,,,,,,,,,,,,,,,,,,,,,,,,,,,,,,,,,,,,,,,,,,,,,1.8562937617947408,1.9885712270057676,2.0789608282333023,2.0348683398296266,2.103211696855324,2.0833700770736696,1.8827492548369464,2.1539180585195505,2.5794105716150195,2.7116880368260463,2.7778267694315595,3.37307536288118,3.262844141871991,2.667595548422371,2.6896417926242084,2.5794105716150195,2.6014568158168574,2.447133106403993,2.733734281027884,3.1967054092664773,3.902185223725286,4.166740154147339,
commodity_prices.sundan_silage.dollar_per_kilogram.csv,,,,,,,,,,,,,,,,,,,,,,,,,,,,,,,,,,,,,,,,,,,,,,,,,,,,,,,,,,,,,,,,,,,,,,,,,,,,,,,,,,,,,,,,,,,,,,,,,,,,,,,,,,,,,,,,,,,,,,,,,,,,,,,,,,,,,,,,,,,,,,,,,,,,,,,,,,,,,,,0.0853786162690079,
commodity_prices.steer_holstein_500.dollar_per_kilogram.csv,,,,,,,,,,,,,,,,,,,,,,,,,,,,,,,,,,,,,,,,,,,,,,,,,,,,,,,,,,,,,,,,,,,,,,,,,,,,,,,,,,,,,,,,,,,,,,,,,,,,,,,,,,,,,,,,,,,,,,,,,,,,,,,,,,,,,,,,,,,,,,,,,,,,,,,,2.0384,1.94514,1.81525,1.93028,2.15871,2.65001,3.46916,4.62007,5.17425
commodity_prices.rice_seed.dollar_per_square_meter.csv,,,,,,,,,,,,,,,,,,,,,,,,,,,,,,,,,,,,,,,,,,,,,,,,,,,,,,,,,,,,,,,,,,,,,,,,,,,,,,,,,,,,,,,,,,,,,,,,,,,,,,,,,,,,,,,,,,,,,,,,,,,,,,,,,,,,,,,0.00576002,0.0052411,0.00502118,0.00470982,0.00667431,0.00681022,0.00908111,0.0100695,0.011142,0.0161804,0.0162225,0.0166549,0.0168723,0.0208532,0.0244412,0.0251479,0.0244708,0.0260721,0.0259189,0.0243226,0.0219306,0.0256718,0.0292103,0.0300653,,
commodity_prices.diesel.dollar_per_liter.csv,,,,,,,,,,,,,,,,,,,,,,,,,,,,,,,,,,,,,,,,,,,,,,,,,,,,,,,,,,,,,,,,,,,,,,,,,,,,,,,,,,,,,,,,,,,,,,,,,,,,,,,,,,,,,,,,,,,,,,,,,,,,,,,,,,0.2929669441355097,0.3262526384196164,0.3164782678758707,0.2757957526397405,0.2961370102578056,0.3938807156952615,0.3701052197780425,0.3484431012756874,0.3986358148787053,0.47815164011296,0.6345415688128895,0.7145857384008601,0.762136730235298,1.0046467885909318,0.6517127603086588,0.7904031531591029,1.0144211591346777,1.0482351977725002,1.0360832776370326,1.0104585764818077,0.715114082754576,0.6086526954808065,0.7000562686736707,0.8395391780546888,0.8073101724780142,0.6739032231647298,0.8683339453322096,1.3179549903445067,1.1132215532795655,,
commodity_prices.semen_sexed.dollar_per_straw.csv,,,,,,,,,,,,,,,,,,,,,,,,,,,,,,,,,,,,,,,,,,,,,,,,,,,,,,,,,,,,,,,,,,,,,,,,,,,,,,,,,,,,,,,,,,,,,,,,,,,,,,,,,,,,,,,,,,,,,,,,,,,,,,,,,,,,,,,,,,,,,,,,,,,,,,,,,,,,,35,,,
commodity_prices.digester_fertilizer_coproduct.dollars_per_kg_phosphorus.csv,,,,,,,,,,,,,,,,,,,,,,,,,,,,,,,,,,,,,,,,,,,,,,,,,,,,,,,,,,,,,,,,,,,,,,,,,,,,,,,,,,,,,,,,,,,,,,,,,,,,,,,,,,,,,,,,,,,,,,,,,,,,,,,,,,,,,,,,,,,,,,,,,,,,,,,,,,,,,,,0,
commodity_prices.bedding_compost_bedded_pack.dollar_per_head.csv,,,,,,,,,,,,,,,,,,,,,,,,,,,,,,,,,,,,,,,,,,,,,,,,,,,,,,,,,,,,,,,,,,,,,,,,,,,,,,,,,,,,,,,,,,,,,,,,,,,,,,,,,,,,,,,,,,,,,,,,,,,,,,,,,,,,,,,,,,,,,,,,,,,,,,,,,,,,53.22,,,,
commodity_prices.milk_all.dollar_per_liter.csv,,,,,,,,,,,,,,,,,,,,,,,,,,,,,,,,,,,,,,,,,,,,,,,,,,,,,,,,,,,,,,,,,,,,,,,,,,,,,,,,,,,,,,,,,,,,,,,,,,,,,,,,,,,,,,,,,,,0.2962542565266743,0.3125993189557322,0.3089670828603859,0.3082860385925085,0.3055618615209989,0.2896708286038593,0.2839954597048808,0.2846765039727582,0.2783200908059024,0.3078320090805903,0.3119182746878547,0.2785471055618615,0.2985244040862656,0.2914869466515324,0.2953461975028377,0.2901248581157775,0.3348467650397276,0.3032917139614075,0.3509648127128264,0.3264472190692395,0.2814982973893303,0.3414301929625425,0.2765039727582293,0.2849035187287174,0.3661748013620886,0.3448354143019296,0.294211123723042,0.4360953461975029,0.4188422247446084,0.2935300794551646,0.3711691259931896,0.459477866061294,0.4213393870601589,0.4565266742338252,0.5464245175936436,0.3906923950056754,0.3709421112372305,0.401589103291714,0.3695800227014756,0.4233825198637911,0.4122587968217934,0.4208853575482407,0.5763904653802499,0.4626560726447219,,
commodity_prices.milk_class_4.dollar_per_liter.csv,,,,,,,,,,,,,,,,,,,,,,,,,,,,,,,,,,,,,,,,,,,,,,,,,,,,,,,,,,,,,,,,,,,,,,,,,,,,,,,,,,,,,,,,,,,,,,,,,,,,,,,,,,,,,,,,,,,,,,,,,,,,,,,,,,,,,,,,,,,,,,,,,,,,,,,,0.320469,0.323004,0.369559,0.306205,0.36521,0.555467,0.433995,0.47098,0.470602
farm_services.manure_hauling.dollars_per_tonne_km.csv,,,,,,,,,,,,,,,,,,,,,,,,,,,,,,,,,,,,,,,,,,,,,,,,,,,,,,,,,,,,,,,,,,,,,,,,,,,,,,,,,,,,,,,,,,,,,,,,,,,,,,,,,,,,,,,,,,,,,,,,,,,,,,,,,,,,,,,,,,,,,,,,,,,,,,,,,,,,,,0.140842863,0.145814982,
farm_services.labor_hours_crop.hours_per_ha_per_year.csv,,,,,,,,,,,,,,,,,,,,,,,,,,,,,,,,,,,,,,,,,,,,,,,,,,,,,,,,,,,,,,,,,,,,,,,,,,,,,,,,,,,,,,,,,,,,,,,,,,,,,,,,,,,,,,,,,,,,,,,,,,,,,,,,,,,,,,,6.08,6.23,6.72,6.42,6.35,6.18,6.15,5.98,6.18,6.47,6.94,6.65,6.42,6.72,6.75,6.7,6.38,6.52,6.3,6.3,6.45,6.42,6.89,6.47,6.5,
commodity_prices.manure_sales.dollars_per_kg_dry_matter.csv,,,,,,,,,,,,,,,,,,,,,,,,,,,,,,,,,,,,,,,,,,,,,,,,,,,,,,,,,,,,,,,,,,,,,,,,,,,,,,,,,,,,,,,,,,,,,,,,,,,,,,,,,,,,,,,,,,,,,,,,,,,,,,,,,,,,,,,,,,,,,,,,,,,,,,,,,,,,,,,0,
commodity_prices.net_fertilizer_potassium_chloride.dollar_per_kilogram.csv,,,,,,,,,,,,,,,,,,,,,,,,,,,,,,,,,,,,,,,,,,,,,,,,,,,,,,,,,,,,,,,,,,,,,,,,,,,,,,,,,,,,,,,,,,,,,,,0.0567139006928024,0.0579815583370536,0.0586980604838043,0.0593043315310548,0.0590838693320546,0.0590287537823046,0.0596901403793052,0.0575406339390532,0.0537927765560497,0.0512574612675474,0.0578162116878034,0.063878922160309,0.0647607709563099,0.0689495527373137,0.0949640922193378,0.1081918241593501,0.1047746600748469,0.1050502378235971,0.1083020552588501,0.1281436531688685,0.1523944950588909,0.1694803154814068,0.1650710715014027,0.1501898730688889,0.1537723838026422,0.1317261639026218,0.1201518984551111,0.1377888743751274,0.1730628262151601,0.1741651372101611,0.1681024267376555,0.167551271240155,0.1625908717626504,0.1587327832801468,0.1598350942751478,0.170858204225158,0.168653582235156,0.167551271240155,0.1796766921851662,0.1851882471601713,0.1818813141751682,0.1873928691501733,0.1807790031801672,0.1818813141751682,0.1995182900951845,0.2700661937752498,0.3009309016352784,0.3086470786002855,0.618396468195572,0.9402712787358698,0.5632809184455211,0.6624889079956129,0.7330368116756781,0.6558750420256068,0.6624889079956129,0.704729465324052,0.6371908706603394,0.5926023909125482,0.5950825906513005,0.61621389242547,0.5882262162623941,0.5948400822324003,0.7484140500559424,,,
commodity_prices.alfalfa_hay.dollar_per_kilogram.csv,,,,,,,,,,,,,,,,,,,,,,,,,,,,,,,,,,,,,,,,,,,,,,,,,0.0099869376147092,0.0102625153634594,0.014109580736013,0.0228178375965211,0.0229280686960212,0.0251326906860232,0.0174165137210161,0.011904958746011,0.0142198118355131,0.0148811984325137,0.015211891731014,0.0143300429350132,0.0149914295320138,0.0131175008405121,0.0151016606315139,0.0151016606315139,0.0133379630395123,0.0110231099500101,0.0077051538550571,0.0092814585779085,0.0158732783280146,0.0094027127873586,0.0136686563380126,0.0113538032485105,0.008664164420708,0.0121254209450112,0.0117947276465109,0.0148811984325137,0.0174165137210161,0.0235894552930218,0.024912228487023,0.0241406107905223,0.0279986992730259,0.028108930372526,0.0291010102680269,0.0250224595865231,0.0254633839845235,0.028108930372526,0.0286600858700265,0.0250224595865231,0.0253531528850234,0.0242508418900224,0.0241406107905223,0.0205029845070189,0.0205029845070189,0.0239201485915221,0.0231485308950214,0.0231485308950214,0.0235894552930218,0.0259043083825239,0.0264554638800244,0.0264554638800244,0.0272270815765251,0.026014539482024,0.0253531528850234,0.0263452327805243,0.0272270815765251,0.0298726279645276,,,,,,,,,,,,,,,,,,0.1033967713310956,0.0954601321670883,0.082232400227076,0.0862007198090797,0.098436371853591,0.1015228426395939,0.0961215187640889,0.1122152592911038,0.1179472764651091,0.0971135986595898,0.0884053417990817,0.0979954474555906,0.114640343480106,0.1102310995001019,0.1000898383460925,0.1086878641071005,0.114640343480106,0.1245611424351152,0.1510166063151397,0.1818813141751682,0.1245611424351152,0.1355842523851254,0.2160529550201998,0.2325876199452151,0.2193598880052029,0.2160529550201998,0.1741651372101611,0.1499142953201387,0.169755893230157,0.1984159791001835,0.1973136681051825,0.1884951801451743,0.2380991749202202,0.3009309016352784,0.2480199738752294,,
commodity_prices.barley_seed.dollar_per_square_meter.csv,,,,,,,,,,,,,,,,,,,,,,,,,,,,,,,,,,,,,,,,,,,,,,,,,,,,,,,,,,,,,,,,,,,,,,,,,,,,,,,,,,,,,,,,,,,,,,,,,,,,,,,,,,,,,,,,,,,,,,,,,,,,,,,,,,,,,,,,,,0.00238456,0.00229314,0.00232279,0.00227337,0.00255507,0.0035682,0.00348171,0.00312835,0.00416866,0.005036,0.0054462,0.0054289,0.00575261,0.00570319,0.0057452,0.00570813,0.00500141,0.00498411,0.00517438,0.00574272,0.00596512,,
commodity_prices.net_fertilizer_urea.dollar_per_kilogram.csv,,,,,,,,,,,,,,,,,,,,,,,,,,,,,,,,,,,,,,,,,,,,,,,,,,,,,,,,,,,,,,,,,,,,,,,,,,,,,,,,,,,,,,,,,,,,,,,0.1289703864151193,0.1245611424351152,0.1196007429576106,0.116844965470108,0.115742654475107,0.1140891879826055,0.1107822549976024,0.1090736729553509,0.0990977584505916,0.0917673903338349,0.0915469281348346,0.0893974216945826,0.0904446171398336,0.1027905002838451,0.2287295314627116,0.2463665073827279,0.1840859361651703,0.1862905581551723,0.1862905581551723,0.2031008008289379,0.2466420851314781,0.2686883050314985,0.2549094175939858,0.2323120421964649,0.2491222848702304,0.2306585757039634,0.1835347806676698,0.1763697592001631,0.2044786895726891,0.2116437110401958,0.2110925555426953,0.2287295314627116,0.2188087325077024,0.2215645099952049,0.2287295314627116,0.2932147246702712,0.3064424566102834,0.2832939257152621,0.2149506440251988,0.1940067351201794,0.2204621990002039,0.3086470786002855,0.2105414000451947,0.2877031696952661,0.3042378346202814,0.3659672503403385,0.3990365801903691,0.4993468807354619,0.6084756692405628,0.5357231435704956,0.4938353257604568,0.5798155833705364,0.7098882807806567,0.6525681090406037,0.6294195781455822,0.5819761129207385,0.4722741226982369,0.4520356928300181,0.4871994135705507,0.4971753280753099,0.4555079724642714,0.6635140572209638,1.09170676322911,,,
commodity_prices.cotton_seed_hulls.dollar_per_kilogram.csv,,,,,,,,,,,,,,,,,,,,,,,,,,,,,,,,,,,,,,,,,,,,,,,,,,,,,,,,,,,,,,,,,,,,,,,,,,,,,,,,,,,,,,,,,,,,,,,,,,,,,,,,,,,,,,,,,,,,,,,,,,,,,,,,,,,,,,,,,,,,,,,,,,,,,,,,0.190248,0.231492,,,0.418878,0.409663,0.431279,0.449836,0.440924
commodity_prices.carbon_credits_soil.dollar_per_tonne_CO2e.csv,,,,,,,,,,,,,,,,,,,,,,,,,,,,,,,,,,,,,,,,,,,,,,,,,,,,,,,,,,,,,,,,,,,,,,,,,,,,,,,,,,,,,,,,,,,,,,,,,,,,,,,,,,,,,,,,,,,,,,,,,,,,,,,,,,,,,,,,,,,,,,,,,,,,,,,,,,,,,12.01,15.91,,
commodity_prices.limestone.dollar_per_kilogram.csv,,,,,,,,,,,,,,,,,,,,,,,,,,,,,,,,,,,,,,,,,,,,,,,,,,,,,,,,,,,,,,,,,,,,,,,,,,,,,,,,,,,,,,,,,,,,,,,,,,,,,,,,,,,,,,,,,,,,,,,,,,,,,,,,,,,,,,,,,,,,,,,,,,,,,,,,,,,,,,,4.284832451,
commodity_prices.corn_silage.dollar_per_kilogram.csv,0.0079664015608723,0.0094699537580537,0.0074813847230719,0.0087909301851331,0.0063173443123508,0.0056261953184852,0.0046440362219392,0.0058565783164404,0.0077723948257521,0.0050805513759597,0.004377276961149,0.004328775277369,0.0037952567557885,0.004413653223984,0.0047289141685543,0.007614764353467,0.0058323274745503,0.0050684259550146,0.0042317719098089,0.0039043855442936,0.004328775277369,0.0052624326901348,0.0040135143327987,0.003334490759878,0.0060142087887255,0.0048259175361144,0.0047652904313894,0.004377276961149,0.0054685648462,0.0030556060781428,0.0025948400822324,0.0031526094457029,0.0034557449693281,0.0036133754416133,0.0042438973307539,0.0072752525670067,0.0048622937989494,0.0050805513759597,0.0052866835320248,0.0049229209036745,0.0047410395894993,0.0061233375772306,0.0078815236142572,0.0069842424643264,0.0057595749488803,0.0078693981933122,0.0061960901029007,0.0079906524027623,0.0081604082959925,0.0078936490352023,0.0137017256678626,0.0168543351135655,0.0175818603702662,0.0174606061608161,0.006547727310306,0.0056261953184852,0.0083422896101677,0.0092153199182085,0.0123679293639114,0.0079300252980373,0.008669675975683,0.009748838439789,0.0096760859141189,0.0092638216019885,0.0066689815197561,0.0035648737578332,0.0035406229159432,0.0059899579468355,0.0097245875978989,0.007663266037247,0.0124891835733615,0.0059414562630554,0.0056868224232102,0.006571978152196,0.0072873779879517,0.0089243098155282,0.01084012632484,0.0130954546206121,0.0124891835733615,0.0149142677623637,0.0185518940458671,0.0261909092412242,0.0155205388096143,0.0150355219718139,0.018430639836417,0.0201281987687186,0.018430639836417,0.0179456229986166,0.017339351951366,0.0163693182757651,0.0156417930190644,0.0134592172489624,0.0135804714584125,0.0127316919922617,0.0121254209450112,0.0133379630395123,0.0135804714584125,0.0134592172489624,0.0141867425056631,0.014065488296213,0.0150355219718139,0.0124891835733615,0.0130954546206121,0.014065488296213,0.0161268098568649,0.0130954546206121,0.0190369108836676,0.0309198234097786,0.0366187712539338,0.0307985692003284,0.0260696550317741,0.0244933503089226,0.0272821971262752,0.0305560607814282,0.0377100591389848,0.030313552362528,0.0309198234097786,0.038922601233486,0.0318898570853795,0.027039688707375,0.0181881314175168,0.0235233166333217,0.0307985692003284,0.0286159934302264,0.0276459597546255,0.0287372476396765,0.0250996213561732,0.030313552362528,0.0274034513357253,0.0392863638618363,0.0328598907609804,0.0294647728963772,0.0235233166333217,0.0220682661199204,0.0224320287482707,0.0238870792616721,0.028130976592426,0.0293435186869271,0.0249783671467231,0.0242508418900224,0.0368612796728341,0.0509267679690471,0.0492292090367455,0.0430452443547898,0.0628096804951581,0.0754201182779697,0.0835441503111272,0.05407937741475,0.0448640574965415,0.0437727696114904,0.0407414143752376,0.0407414143752376,0.0437727696114904,0.0431664985642399,0.0549281568809008,0.0727525256700673,0.0793002529803733,0.055170665299801,,
farm_services.land_ha_rent.dollar_per_hectare.csv,,,,,,,,,,,,,,,,,,,,,,,,,,,,,,,,,,,,,,,,,,,,,,,,,,,,,,,,,,,,,,,,,,,,,,,,,,,,,,,,,,,,,,,,,,,,,,,,,,,,,,,,,,,,,,,,,,,,,,,,,,,,,,,,,,,,,,,,,,,,,,,,,,,,,,,,,,,,,,223.6291386,,
commodity_prices.natgas_industrial.dollar_per_megajoule.csv,,,,,,,,,,,,,,,,,,,,,,,,,,,,,,,,,,,,,,,,,,,,,,,,,,,,,,,,,,,,,,,,,,,,,,,,,,,,,,,,,,,,,,,,,,,,,,,,,,,,,,,,,,,,,,,,,,,,,,,,,,,,,,,,,,,,0.0033363121613503,0.0029181114726017,0.002899524775324,0.0041355401442922,0.0048697146867621,0.0037359261528213,0.0054737823482879,0.0060685566611749,0.0079551064348632,0.007313865378782,0.0071372917546437,0.0089680814364989,0.0049533548245118,0.0051020484027335,0.0047674878517346,0.0036058192718772,0.0043121137684305,0.0052228619350387,0.0036522860150715,0.0032619653722395,0.0037916862446544,0.0038939130796819,0.003624405969155,0.0030853917481011,0.0050555816595392,0.0071187050573659,0.0042656470252362,,
commodity_prices.water_municipal.dollar_per_cubic_meter.csv,,,,,,,,,,,,,,,,,,,,,,,,,,,,,,,,,,,,,,,,,,,,,,,,,,,,,,,,,,,,,,,,,,,,,,,,,,,,,,,,,,,,,,,,,,,,,,,,,,,,,,,,,,,,,,,,,,,,,,,,,,,,,,,,,,,,,,,,,,,,,,,0.7465589458693244,0.7661290796486323,0.7866729029343876,0.8082536292551419,0.8309399535030793,0.8548066519917054,0.8799352605182631,0.9064148417125784,0.9343428546880864,0.9638261420204828,0.994982051409585,1.0279397120824216,1.0628414891308635,1.0998446426157915,1.139123222493723,1.180870235326678,,
commodity_prices.barley_silage.dollar_per_kilogram.csv,,,,,,,,,,,,,,,,,,,,,,,,,,,,,,,,,,,,,,,,,,,,,,,,,,,,,,,,,,,,,,,,,,,,,,,,,,,,,,,,,,,,,,,,,,,,,,,,,,,,,,,,,,,,,,,,,,,,,,,,,,,,,,,,,,,,,,,,,,,,,,,,,,,,,,,,,,,0.0524084944085274,0.0694152791327017,0.0756626266968699,0.0526398694863782,,
capital_costs.land_ha.dollar_per_hectare.csv,,,,,,,,,,,,,,,,,,,,,,,,,,,,,,,,,,,,,,,,,,,,,,,,,,,,,,,,,,,,,,,,,,,,,,,,,,,,,,,,,,,,,,,,,,,,,,,,,,,,,,,,,,,,,,,,,,,,,,,,,,,,,,,,,,,,,,,,,,,,,,,,,,,,,,,,,,,,,,14944.61693,,
commodity_prices.calf_bull_2.dollar_per_kilogram.csv,,,,,,,,,,,,,,,,,,,,,,,,,,,,,,,,,,,,,,,,,,,,,,,,,,,,,,,,,,,,,,,,,,,,,,,,,,,,,,,,,,,,,,,,,,,,,,,,,,,,,,,,,,,,,,,,,,,,,,,,,,,,,,,,,,,,,,,,,,,,,,,,,,,,,,,,1.91442,1.61818,1.30113,1.65187,2.34682,2.98971,5.50607,10.9598,12.4517
commodity_prices.cotton_seed_whole.dollar_per_kilogram.csv,,,,,,,,,,,,,,,,,,,,,,,,,,,,,,,,,,,,,,,,,,,,,,,,,,,,,,,,,,,,,,,,,,,,,,,,,,,,,,,,,,,,,,,,,,,,,,,,,,,,,,,,,,,,,,,,,,,,,,,,,,,,,,,,,,,,,,,,,,,,,,,,,,,,,,,,0.281633,0.299474,0.346428,0.343124,0.366089,0.548459,0.423343,0.435692,0.40974
commodity_prices.water_irrigation.dollar_per_cubic_meter.csv,,,,,,,,,,,,,,,,,,,,,,,,,,,,,,,,,,,,,,,,,,,,,,,,,,,,,,,,,,,,,,,,,,,,,,,,,,,,,,,,,,,,,,,,,,,,,,,,,,,,,,,,,,,,,,,,,,,,,,,,,,,,,,,,,,,,,,,,,,,,,,,,,,,,0.0267130395304342,,,,,0.0343499691928527,,,,,0.0439569348509906,,
commodity_prices.bedding_sand.dollar_per_head.csv,,,,,,,,,,,,,,,,,,,,,,,,,,,,,,,,,,,,,,,,,,,,,,,,,,,,,,,,,,,,,,,,,,,,,,,,,,,,,,,,,,,,,,,,,,,,,,,,,,,,,,,,,,,,,,,,,,,,,,,,,,,,,,,,,,,,,,,,,,,,,,,,,,,,,,,,,,,,53.22,,,,
farm_services.grain_transportation.dollars_per_tonne_km.csv,,,,,,,,,,,,,,,,,,,,,,,,,,,,,,,,,,,,,,,,,,,,,,,,,,,,,,,,,,,,,,,,,,,,,,,,,,,,,,,,,,,,,,,,,,,,,,,,,,,,,,,,,,,,,,,,,,,,,,,,,,,,,,,,,,,,,,,,,,,,,,,,,,,,,,,,,,,,,,0.140842863,0.145814982,
commodity_prices.net_fertilizer_diammonium_phosphate.dollar_per_kilogram.csv,,,,,,,,,,,,,,,,,,,,,,,,,,,,,,,,,,,,,,,,,,,,,,,,,,,,,,,,,,,,,,,,,,,,,,,,,,,,,,,,,,,,,,,,,,,,,,,,,,,,,0.1201518984551111,0.1190495874601101,0.1081367086096,0.1025700380848448,0.1044439667763466,0.104940006724097,0.1080815930598499,0.1256634534301162,0.2254225984777085,0.2640034833027442,0.2017229120851866,0.2025496453314373,0.2053054228189399,0.254082684347735,0.3177411443090439,0.3003797461377779,0.2832939257152621,0.2703417715240001,0.2860497032027646,0.2582163505789889,0.2364457084277187,0.2485711293727299,0.2739242822577534,0.2612477058152417,0.2463665073827279,0.2551849953427361,0.2358945529302182,0.2155017995226993,0.2496734403677309,0.2899077916852682,0.3240794325302998,0.2998285906402774,0.2910101026802692,0.2910101026802692,0.2645546388002447,0.2689638827802488,0.2502245958652315,0.2755777487502549,0.3042378346202814,0.334000231485309,0.3714788053153436,0.4872214597904507,0.9369643457508668,0.7032744148106506,0.559973985460518,0.7749246294857168,0.7440599216256883,0.7054790368006526,0.6735120179456231,0.6348539713509372,0.5126187051152742,0.4876623841884511,0.5664665972210741,0.5128391673142745,0.4633343805287786,0.804213032622894,1.0352353709552076,,,
commodity_prices.carbon_credits_enteric.dollar_per_tonne_CO2e.csv,,,,,,,,,,,,,,,,,,,,,,,,,,,,,,,,,,,,,,,,,,,,,,,,,,,,,,,,,,,,,,,,,,,,,,,,,,,,,,,,,,,,,,,,,,,,,,,,,,,,,,,,,,,,,,,,,,,,,,,,,,,,,,,,,,,,,,,,,,,,,,,,,,,,,,,,,,,,,,,80,
farm_services.labor_hours.dollar_per_hour.csv,,,,,,,,,,,,,,,,,,,,,,,,,,,,,,,,,,,,,,,,,,,,,,,,,,,,,,,,,,,,,,,,,,,,,,,,,,,,,,,,,,,,,,,,,,,,,,,,,,,,,,,,,,,,,,,,,,,,,,,,,,,,5.36,5.52,5.79,6.06,6.25,6.39,6.54,6.78,7.35,7.47,7.77,8.1,8.45,8.81,9.08,9.23,9.5,9.87,10.23,10.6,10.83,10.95,11.07,11.51,11.87,12.07,12.54,12.98,13.32,14.17,14.91,15.49,16.38,17.56,18.53,19.1,
commodity_prices.cow_dairy_heifer_bred_t3.dollar_per_animal.csv,,,,,,,,,,,,,,,,,,,,,,,,,,,,,,,,,,,,,,,,,,,,,,,,,,,,,,,,,,,,,,,,,,,,,,,,,,,,,,,,,,,,,,,,,,,,,,,,,,,,,,,,,,,,,,,,,,,,,,,,,,,,,,,,,,,,,,,,,,,,,,,,,,,,,,,,1253.7,951.459,953.015,984.977,991.693,1265.96,1452.13,1936.87,
commodity_prices.winter_wheat_grain.dollar_per_kilogram.csv,,,,,,,,,,,,,,,,,,,,,,,,,,,,,,,,,,,,,,,,,,,,0.0477668975400047,0.0393158310521577,0.0345391412981573,0.0349065789715419,0.041153019419081,0.0451948338263122,0.0470320221932354,0.041153019419081,0.0819386011647774,0.0775293490841616,0.0771619114107769,0.0543807756609285,0.0347228601348496,0.0382135180320038,0.0347228601348496,0.048501772886774,0.0543807756609285,0.0444599584795429,0.0426227701126196,0.0378460803586191,0.0382135180320038,0.0255001745328948,0.0140361191232937,0.0143668130293399,0.0285499072219874,0.0310117396336646,0.0303870955889107,0.0374786426852345,0.0358986606896805,0.021090922452279,0.0255001745328948,0.0253531994635409,0.0351637853429112,0.0407855817456963,0.0510738366004666,0.0525435872940052,0.0551156510076978,0.0694457202696992,0.0823060388381621,0.0734875346769304,0.0683434072495453,0.073854972350315,0.0786316621043155,0.0767944737373923,0.0745898476970843,0.0775293490841616,0.0720177839833918,0.0720177839833918,0.0705480332898532,0.0635667174955448,0.0639341551689294,0.0639341551689294,0.0657713435358527,0.0734875346769304,0.0672410942293913,0.049604085906928,0.0488692105601587,0.0598923407616983,0.0499715235803127,0.0440925208061582,0.0444599584795429,0.0477668975400047,0.049604085906928,0.0628318421487755,0.1366868144990906,0.1433006926200143,0.1238264959306277,0.10031048483401,0.0837757895317006,0.1105987396887803,0.1392588782127831,0.1407286289063218,0.134114750785398,0.125663684297551,0.125663684297551,0.1219893075637045,0.1094964266686263,0.0856129778986239,0.0914919806727784,0.134114750785398,0.1388914405393985,0.0962686704267788,0.1072918006283184,0.1190498061766273,0.1113336150355496,0.1238264959306277,0.1620400139626316,0.1591005125755544,0.1186823685032426,0.0925942936929323,0.0841432272050853,0.0922268560195476,0.0999430471606254,0.1252962466241663,0.1201521191967812,0.1219893075637045,0.1219893075637045,0.1532215098013999,0.2252392937847918,0.2414065514137165,0.1730631441641711,0.1973140306075582,0.2502250555749481,0.2774154434054124,0.2531645569620253,0.217523102643714,0.176370083224633,0.1311752493983208,0.1587330749021697,0.1866583380794033,0.1664492660432474,0.1829839613455568,0.2568389336958719,0.3152615237640315,0.2458158034943323,,
commodity_prices.wheat_seed.dollar_per_square_meter.csv,,,,,,,,,,,,,,,,,,,,,,,,,,,,,,,,,,,,,,,,,,,,,,,,,,,,,,,,,,,,,,,,,,,,,,,,,,,,,,,,,,,,,,,,,,,,,,,,,,,,,,,,,,,,,,,,,,,,,,,,,,,,,,,,,,,,,0.00188047,0.00157653,0.00151723,0.00156665,0.00164325,0.001878,0.00194966,0.00199167,0.00209051,0.00241422,0.00395862,0.003457,0.00273545,0.00330874,0.00378812,0.00396851,0.0039092,0.00398334,0.00377082,0.00348665,0.00366457,0.00366457,0.00349901,0.00373376,0.00446766,0.00487538,,
farm_services.labor_hours_animal_total.hours_per_head_per_year.csv,,,,,,,,,,,,,,,,,,,,,,,,,,,,,,,,,,,,,,,,,,,,,,,,,,,,,,,,,,,,,,,,,,,,,,,,,,,,,,,,,,,,,,,,,,,,,,,,,,,,,,,,,,,,,,,,,,,,,,,,,,,,,,,,,,,,,,,36.02,37.42,42.62,41.71,40.89,40.88,41.4,42.5,41.06,40.05,43.05,39.45,40.29,40.04,40.85,42.95,42.88,44.93,40.78,39.08,40.89,38.69,38.66,38.75,39.8,
commodity_prices.steer_holstein_700.dollar_per_kilogram.csv,,,,,,,,,,,,,,,,,,,,,,,,,,,,,,,,,,,,,,,,,,,,,,,,,,,,,,,,,,,,,,,,,,,,,,,,,,,,,,,,,,,,,,,,,,,,,,,,,,,,,,,,,,,,,,,,,,,,,,,,,,,,,,,,,,,,,,,,,,,,,,,,,,,,,,,,2.01929,1.88435,1.81735,1.83436,2.05326,2.53131,3.25987,4.0121,4.59025
commodity_prices.net_fertilizer_ammonium_nitrate.dollar_per_kilogram.csv,,,,,,,,,,,,,,,,,,,,,,,,,,,,,,,,,,,,,,,,,,,,,,,,,,,,,,,,,,,,,,,,,,,,,,,,,,,,,,,,,,,,,,,,,,,,,,,0.0895627683438328,0.0904997326895837,0.089728114993083,0.088625803998082,0.0873030308040807,0.08653141310758,0.0835000578713272,0.0812403203315751,0.0734139122670679,0.0671307395955621,0.0666346996478116,0.0700518637323148,0.0717053302248163,0.0819568224783258,0.1703070487276575,0.1884951801451743,0.1499142953201387,0.1573548945363955,0.1521189173101407,0.1584572055313965,0.184912669411421,0.209714666798944,0.211919288788946,0.2036519563264384,0.2171552660152008,0.2061321560651907,0.1846370916626708,0.1714093597226585,0.1851882471601713,0.2033763785776881,0.198967134597684,0.2028252230801876,0.1962113571101815,0.2050298450701896,0.2171552660152008,0.2458153518852274,0.2568384618352376,0.2502245958652315,0.2127460220351968,0.1995182900951845,0.2138483330301978,0.2866008587002651,0.2149506440251988,0.2678615717852478,0.2899077916852682,0.3218748105402977,0.4034458241703732,0.4210828000903895,0.561076296455519,0.4828122158104466,0.4387197760104058,0.5280069666054884,0.6327265111305853,0.5996571812805548,0.617294157200571,0.5341578619575941,0.433483798784151,0.4148988354084338,0.4471745013420637,0.4563236826005721,0.4180845141839867,0.6090047785181634,1.002011717565877,,,
commodity_prices.cotton_seed_meal.dollar_per_kilogram.csv,,,,,,,,,,,,,,,,,,,,,,,,,,,,,,,,,,,,,,,,,,,,,,,,,,,,,,,,,,,,,,,,,,,,,,,,,,,,,,,,,,,,,,,,,,,,,,,,,,,,,,,,,,,,,,,,,,,,,,,,,,,,,,,,,,,,,,,,,,,,,,,,,,,,,,,,0.270386,0.319347,0.283386,0.337925,0.422776,0.454729,0.447417,0.384192,0.324267
commodity_prices.soybean_seed.dollar_per_square_meter.csv,,,,,,,,,,,,,,,,,,,,,,,,,,,,,,,,,,,,,,,,,,,,,,,,,,,,,,,,,,,,,,,,,,,,,,,,,,,,,,,,,,,,,,,,,,,,,,,,,,,,,,,,,,,,,,,,,,,,,,,,,,,,,,,,,,,,0.00487291,0.00505577,0.00475677,0.00473948,0.00558211,0.00628883,0.00677562,0.00734149,0.00806057,0.0079815,0.00982737,0.0109591,0.013655,0.0146286,0.0137267,0.0136699,0.0143766,0.0145248,0.0146311,0.0145273,0.0143494,0.0154169,0.0150561,0.0150709,0.0156195,0.0175667,0.0184859,,
commodity_prices.semen_beef.dollar_per_straw.csv,,,,,,,,,,,,,,,,,,,,,,,,,,,,,,,,,,,,,,,,,,,,,,,,,,,,,,,,,,,,,,,,,,,,,,,,,,,,,,,,,,,,,,,,,,,,,,,,,,,,,,,,,,,,,,,,,,,,,,,,,,,,,,,,,,,,,,,,,,,,,,,,,,,,,,,,,,,,,15,,,
commodity_prices.calves_all.dollar_per_kilogram.csv,,,,,,,,,,,,,,,,,,,,,,,,,,,,,,,,,,,,,,,,,,,,,,,,,,,,,,,,,,,,,,,,,,,,,,,,,,,,,,,,,,,,,,,,,,,,,,,,,,,,,,,,,,,,,,,,,,,,,,,,,,,,,,,,,,,,,,,,,,2.248716908587453,2.6235030600186957,2.9762429672480994,2.932150478844424,2.6235030600186957,2.4250868622021557,2.3148556411929664,2.5794105716150195,3.130566676660964,3.791954002716097,3.990370200532637,5.754069736679659,5.4454223178539305,3.4833065838903683,3.703769025908746,3.747861514312422,3.505352828092206,3.549445316495882,3.76990775851426,4.299017619358367,5.754069736679659,7.14298312139544,
_default_values.csv,,,,,,,,,,,,,,,,,,,,,,,,,,,,,,,,,,,,,,,,,,,,,,,,,,,,,,,,,,,,,,,,,,,,,,,,,,,,,,,,,,,,,,,,,,,,,,,,,,,,,,,,,,,,,,,,,,,,,,,,,,,,,,,,,,,,,,,,,,,,,,,,,,,,,,,,,,,0.0630931948830723,0.0835670783798233,0.0910881462987152,0.0633717488715091,,
commodity_prices.digester_carbon_credits.dollar_per_tonne_CO2e.csv,,,,,,,,,,,,,,,,,,,,,,,,,,,,,,,,,,,,,,,,,,,,,,,,,,,,,,,,,,,,,,,,,,,,,,,,,,,,,,,,,,,,,,,,,,,,,,,,,,,,,,,,,,,,,,,,,,,,,,,,,,,,,,,,,,,,,,,,,,,,,,,,,,,,,,,,,,,,,,,60,
commodity_prices.cows_all.dollar_per_kilogram.csv,,,,,,,,,,,,,,,,,,,,,,,,,,,,,,,,,,,,,,,,,,,,,,,,,,,,,,,,,,,,,,,,,,,,,,,,,,,,,,,,,,,,,,,,,,,,,,,,,,,,,,,,,,,,,,,,,,,,,,,,,,,,,,,,,,,,,,,,,,0.9457838762588404,1.10892608335244,1.139790825235013,1.0273549798056405,1.0560150972680291,1.1155399566129915,0.9876717402423324,1.20813418226071,1.5696925871708496,1.8011781512901464,1.814405897811249,2.358948129596642,2.27076315278929,1.6380359441965466,1.5233954743469902,1.399936506816699,1.366867140513942,1.4153688777579851,1.547646342969012,1.8452706396938217,2.248716908587453,2.843965502037073,
commodity_prices.cows_milk.dollar_per_animal.csv,,,,,,,,,,,,,,,,,,,,,,,,,,,,,,,,,,,,,,,,,,,,,,,,,,,,,,,,,,,,,,,,,,,,,,,,,,,,,,,,,,,,,,,,,,,,,,,,,,,,,,,,,,,,,,,,,,,,,,,,,,,,,,,,,,,,,,,,,,,,,,,,,1330.0,1420.0,1430.0,1380.0,1830.0,1990.0,1760.0,1620.0,1360.0,1200.0,1300.0,1360.0,1590.0,1760.0,2240.0,
commodity_prices.cow_dairy_bred_t3.dollar_per_animal.csv,,,,,,,,,,,,,,,,,,,,,,,,,,,,,,,,,,,,,,,,,,,,,,,,,,,,,,,,,,,,,,,,,,,,,,,,,,,,,,,,,,,,,,,,,,,,,,,,,,,,,,,,,,,,,,,,,,,,,,,,,,,,,,,,,,,,,,,,,,,,,,,,,,,,,,,,1224.02,1013.55,986.045,1026.73,1030.74,1302.51,1498.13,2189.16,
commodity_prices.distiller_grains_dried_10pct.dollar_per_kilogram.csv,,,,,,,,,,,,,,,,,,,,,,,,,,,,,,,,,,,,,,,,,,,,,,,,,,,,,,,,,,,,,,,,,,,,,,,,,,,,,,,,,,,,,,,,,,,,,,,,,,,,,,,,,,,,,,,,,,,,,,,,,,,,,,,,,,,,,,,,,,,,,,,,,,,,,,,,0.152799,0.177417,0.171344,0.187648,0.230727,0.28637,0.251039,0.181721,0.170946
commodity_prices.soybean_grain.dollar_per_kilogram.csv,,,,,,,,,,,,,,,,,,,,,,,,,,,,,,,,,,,,,,,,,,,,,,,,0.0657713435358527,0.0812037258180081,0.0789990997777002,0.0804688504712388,0.1164777424629347,0.117212617809704,0.1297054987047822,0.0981058587937021,0.0793665374510848,0.073854972350315,0.0837757895317006,0.091859418346163,0.0859804155720086,0.0734875346769304,0.0661387812092374,0.0683434072495453,0.0683434072495453,0.0492366482335433,0.0176737520898017,0.0194374529220481,0.0336940346493726,0.035384247946942,0.0262350498796641,0.0459297091730815,0.0307545332622953,0.0243978615127409,0.0294685014054491,0.0327754404659109,0.056952839374621,0.0587900277415443,0.066506218882622,0.0753247230438537,0.0764270360640076,0.0944314820598556,0.1223567452370891,0.083408351858316,0.0793665374510848,0.0907571053260091,0.10031048483401,0.0999430471606254,0.0999430471606254,0.0903896676526244,0.0815711634913927,0.0801014127978541,0.076059598390623,0.0734875346769304,0.0720177839833918,0.0782642244309309,0.0837757895317006,0.0859804155720086,0.0922268560195476,0.0962686704267788,0.0933291690397016,0.1010453601807793,0.0914919806727784,0.0892873546324704,0.0863478532453932,0.1047197369146258,0.1113336150355496,0.160570263269093,0.2087045984824824,0.243978615127409,0.1807793353052488,0.2502250555749481,0.2160533519501754,0.2447134904741783,0.2311182965589462,0.2792526317723356,0.2230346677444838,0.2098069115026364,0.2877036982601826,0.2145836012566368,0.1855560250592493,0.1756352078778637,0.2160533519501754,0.2726387536514119,0.2090720361558671,0.2109092245227903,0.2050302217486359,0.2042953464018665,0.2351601109661774,0.2013558450147894,0.2469181165144862,0.2700666899377193,0.2377321746798699,0.1811467729786335,0.1701236427770939,0.1668167037166321,0.1609377009424776,0.2031930333817126,0.2696992522643346,0.2109092245227903,0.2079697231357131,0.2362624239863313,0.3711120501184987,0.3663353603644982,0.3523727287758814,0.415204570924657,0.4592970917308152,0.5291102496738992,0.4776689754000478,0.3711120501184987,0.3288567176792636,0.3479634766952656,0.3428193492678805,0.3115871470301851,0.3148940860906469,0.3968326872554243,0.4886921056015874,0.521761496206206,0.4556227149969687,,
commodity_prices.milk_class_3.dollar_per_liter.csv,,,,,,,,,,,,,,,,,,,,,,,,,,,,,,,,,,,,,,,,,,,,,,,,,,,,,,,,,,,,,,,,,,,,,,,,,,,,,,,,,,,,,,,,,,,,,,,,,,,,,,,,,,,,,,,,,,,,,,,,,,,,,,,,,,,,,,,,,,,,,,,,,,,,,,,,0.370866,0.331763,0.380002,0.412107,0.38776,0.498411,0.38636,0.428907,0.461748
commodity_prices.cows_ge_500.dollar_per_kilogram.csv,,,,,,,,,,,,,,,,,,,,,,,,,,,,,,,,,,,,,,,,,,,,,,,,,,,,,,,,,,,,,,,,,,,,,,,,,,,,,,,,,,,,,,,,,,,,,,,,,,,,,,,,,,,,,,,,,,,,,,,,,,,,,,,,,,,,,,,,,,1.7570856628864708,1.891567752517681,1.9775481049048484,1.922432494400254,1.981957353745216,1.9643203583837456,1.7703134094075732,2.032663715409443,2.4912255948076685,2.667595548422371,2.755780525229722,3.351029118679342,3.240797897670153,2.6235030600186957,2.645549304220533,2.535318083211344,2.557364327413182,2.403040618000317,2.667595548422371,3.130566676660964,3.814000246917935,4.122647665743664,
commodity_prices.elec_industrial.dollar_per_kwh.csv,,,,,,,,,,,,,,,,,,,,,,,,,,,,,,,,,,,,,,,,,,,,,,,,,,,,,,,,,,,,,,,,,,,,,,,,,,,,,,,,,,,,,,,,,,,,,,,,,,,,,,,,,,,,,,,,,,,,,,,,,,,,,,,,,,,,,,,,0.0505,0.0488,0.0511,0.0525,0.0573,0.0616,0.0639,0.0696,0.0683,0.0677,0.0682,0.0667,0.0689,0.071,0.0691,0.0676,0.0688,0.0692,0.0681,0.0667,0.0718,0.0832,0.0804,,
commodity_prices.whey_dry.dollar_per_kilogram.csv,,,,,,,,,,,,,,,,,,,,,,,,,,,,,,,,,,,,,,,,,,,,,,,,,,,,,,,,,,,,,,,,,,,,,,,,,,,,,,,,,,,,,,,,,,,,,,,,,,,,,,,,,,,,,,,,,,,,,,,,,,,,,,,,,,,,,,,,,,,,,,,,,,,,,,,,0.765519,0.754386,0.853671,0.798221,1.26639,1.33543,0.797707,1.08313,1.5913
commodity_prices.gasoline.dollar_per_liter.csv,,,,,,,,,,,,,,,,,,,,,,,,,,,,,,,,,,,,,,,,,,,,,,,,,,,,,,,,,,,,,,,,,,,,,,,,,,,,,,,,,,,,,,,,,,,,,,,,,,,,,,,,,,,,,,,,,,,,,,,,,,,,,,,,,,,,,,,0.4023342253547171,0.3856913782126638,0.3661426371251726,0.4234679995033563,0.5006062751458891,0.6112944172493864,0.691602759014215,0.7510414988072626,0.8715040114545055,0.6355982575203214,0.7489281213923986,0.9446797044441684,0.9721536108373994,0.9444155322673105,0.907959771860908,0.6657138856821321,0.5943873979304751,0.667827263096996,0.743116333501523,0.7108873279248482,0.5965007753453391,0.8189337482597657,1.072274865866577,0.9602658628787898,,
commodity_prices.net_fertilizer_anhydrous_ammonia.dollar_per_kilogram.csv,,,,,,,,,,,,,,,,,,,,,,,,,,,,,,,,,,,,,,,,,,,,,,,,,,,,,,,,,,,,,,,,,,,,,,,,,,,,,,,,,,,,,,,,,,,,,,,0.1548746947976432,0.1537723838026422,0.1482608288276371,0.14054465186263,0.1366865633801264,0.1333796303951233,0.1295215419126198,0.1223565204451131,0.0975545230575902,0.0817914758290756,0.0836654045205774,0.0874132619035808,0.088625803998082,0.0992631050998418,0.22707606497021,0.2667592607902467,0.2055810005676902,0.1992427123464343,0.1851882471601713,0.2055810005676902,0.2502245958652315,0.2722708157652518,0.2689638827802488,0.2568384618352376,0.2937658801677718,0.269239460528999,0.2199110435027034,0.2022740675826871,0.2199110435027034,0.222666820990206,0.2149506440251988,0.2193598880052029,0.2188087325077024,0.2281783759652111,0.2783335262377575,0.3637626283503365,0.334000231485309,0.334000231485309,0.278884681735258,0.2325876199452151,0.2502245958652315,0.4398220870054068,0.2755777487502549,0.4111620011353804,0.4177758671053865,0.4585613739204242,0.5743040283955313,0.5765086503855333,0.8322448012257699,0.7495714766006935,0.5500531865055088,0.8256309352557638,0.8653141310758005,0.9336574127658636,0.9380666567458678,0.7742191504489162,0.6282841978207312,0.6013547402128563,0.6481368188406996,0.6614086432205118,0.6059734232819106,0.8826865523570165,1.4523167821337435,,,
commodity_prices.almond_hulls.dollar_per_kilogram.csv,,,,,,,,,,,,,,,,,,,,,,,,,,,,,,,,,,,,,,,,,,,,,,,,,,,,,,,,,,,,,,,,,,,,,,,,,,,,,,,,,,,,,,,,,,,,,,,,,,,,,,,,,,,,,,,,,,,,,,,,,,,,,,,,,,,,,,,,,,,,,,,,,,,,,,,,,,,,,0.2924805855476006,0.1375132966263772,0.1099555217513517,
commodity_prices.cow_dairy_fresh.dollar_per_animal.csv,,,,,,,,,,,,,,,,,,,,,,,,,,,,,,,,,,,,,,,,,,,,,,,,,,,,,,,,,,,,,,,,,,,,,,,,,,,,,,,,,,,,,,,,,,,,,,,,,,,,,,,,,,,,,,,,,,,,,,,,,,,,,,,,,,,,,,,,,,,,,,,,,,,,,,,,1329.95,1093.28,1061.69,1099.57,1096.22,1451.72,1641.07,2191.82,
commodity_prices.peanut_seed.dollar_per_square_meter.csv,,,,,,,,,,,,,,,,,,,,,,,,,,,,,,,,,,,,,,,,,,,,,,,,,,,,,,,,,,,,,,,,,,,,,,,,,,,,,,,,,,,,,,,,,,,,,,,,,,,,,,,,,,,,,,,,,,,,,,,,,,,,,,,,,,0.018009,0.0184835,0.0183574,0.0186515,0.0180115,0.017967,0.0182166,0.0181795,0.0185971,0.0166623,0.0164399,0.0168946,0.0177743,0.024241,0.0223136,0.022064,0.0267244,0.0279649,0.0276486,0.0288619,0.0314515,0.0302457,0.0300826,0.0292251,0.0284517,0.0284665,0.029623,0.0332949,0.0348319,,
commodity_prices.cow_dairy_heifer_open.dollar_per_animal.csv,,,,,,,,,,,,,,,,,,,,,,,,,,,,,,,,,,,,,,,,,,,,,,,,,,,,,,,,,,,,,,,,,,,,,,,,,,,,,,,,,,,,,,,,,,,,,,,,,,,,,,,,,,,,,,,,,,,,,,,,,,,,,,,,,,,,,,,,,,,,,,,,,,,,,,,,711.893,591.297,517.573,469.054,503.217,1050.0,1108.75,1076.14,
commodity_prices.calf_starter_18cp.dollar_per_kilogram.csv,,,,,,,,,,,,,,,,,,,,,,,,,,,,,,,,,,,,,,,,,,,,,,,,,,,,,,,,,,,,,,,,,,,,,,,,,,,,,,,,,,,,,,,,,,,,,,,,,,,,,,,,,,,,,,,,,,,,,,,,,,,,,,,,,,,,,,,,,,,,,,,,,,,,,,,,,,,,,,,4.712522046,
commodity_prices.hay_excluding_alfalfa.dollar_per_kilogram.csv,,,,,,,,,,,,,,,,,,,,,,,,,,,,,,,,,,,,,,,,,,,,,,,,,,,,,,,,,,,,,,,,,,,,,,,,,,0.0100200069445592,0.0099207989550091,0.0117396120967608,0.0139993496365129,0.0192573730826678,0.0167330809041154,0.0168874044434156,0.0213848333030197,0.0194006735120179,0.028197115252126,0.0209328857950693,0.0197644361403682,0.0342377795047316,0.0298505817446276,0.0187392869150173,0.0231485308950214,0.0270066193775249,0.025970447042224,0.0257610079531738,0.0246697200681228,0.0262239785710742,0.0257720310631238,0.0193400464072928,0.0218698501408201,0.0225753291776208,0.0209769782348693,0.0223989594184206,0.022806814486571,0.0243665845444975,0.0210761862244194,0.0234626895285966,0.0250720635812981,0.0269129229429498,0.0306809893608616,0.0363321703952335,0.0493137195463622,0.0500632910229629,0.049115303567262,0.0535998721319245,0.0450349157007666,0.0467104284131681,0.0541730738493251,0.0643474043331844,0.0545643942525504,0.0522660758279732,0.0541785854043,0.0549336684358758,0.0531258784040741,0.0520841945137981,0.0597011634892551,0.0722013701725668,0.0717604457745663,0.0666898151975616,0.0685637438890634,0.0742957610630687,0.0748469165605692,0.0720911390730666,0.084326791117578,0.0834449423215772,0.0791459294410732,0.0736343744660681,0.0781538495455723,0.0807993959335747,0.0813505514310752,0.0781538495455723,0.082232400227076,0.089728114993083,0.112435721490104,0.1212542094501121,0.1300726974101203,0.1072548598135992,0.1069241665150989,0.1455050513401346,0.1587327832801468,0.1532212283051417,0.1433004293501325,0.1333796303951233,0.1300726974101203,0.1322773194001223,0.1532212283051417,0.1488119843251376,0.1455050513401346,0.168653582235156,0.1951090461151804,0.1895974911401754,,
commodity_prices.milk_class_2.dollar_per_liter.csv,,,,,,,,,,,,,,,,,,,,,,,,,,,,,,,,,,,,,,,,,,,,,,,,,,,,,,,,,,,,,,,,,,,,,,,,,,,,,,,,,,,,,,,,,,,,,,,,,,,,,,,,,,,,,,,,,,,,,,,,,,,,,,,,,,,,,,,,,,,,,,,,,,,,,,,,0.346273,0.336076,0.380374,0.32448,0.378165,0.576996,0.456205,0.484487,0.489898
farm_services.labor_hours_animal_nonmanure.hours_per_head_per_year.csv,,,,,,,,,,,,,,,,,,,,,,,,,,,,,,,,,,,,,,,,,,,,,,,,,,,,,,,,,,,,,,,,,,,,,,,,,,,,,,,,,,,,,,,,,,,,,,,,,,,,,,,,,,,,,,,,,,,,,,,,,,,,,,,,,,,,,,,34.644036,35.990556,40.991916,40.116678,39.328002,39.318384,39.81852,40.8765,39.491508,38.52009,41.40549,37.94301,38.750922,38.510472,39.28953,41.30931,41.241984,43.213674,39.222204,37.587144,39.328002,37.212042,37.183188,37.26975,38.27964,
farm_services.labor_hours_animal_manure.hours_per_head_per_year.csv,,,,,,,,,,,,,,,,,,,,,,,,,,,,,,,,,,,,,,,,,,,,,,,,,,,,,,,,,,,,,,,,,,,,,,,,,,,,,,,,,,,,,,,,,,,,,,,,,,,,,,,,,,,,,,,,,,,,,,,,,,,,,,,,,,,,,,,1.375964,1.429444,1.628084,1.593322,1.561998,1.561616,1.58148,1.6235,1.568492,1.52991,1.64451,1.50699,1.539078,1.529528,1.56047,1.64069,1.638016,1.716326,1.557796,1.492856,1.561998,1.477958,1.476812,1.48025,1.52036,
commodity_prices.milk_retail.dollar_per_liter.csv,,,,,,,,,,,,,,,,,,,,,,,,,,,,,,,,,,,,,,,,,,,,,,,,,,,,,,,,,,,,,,,,,,,,,,,,,,,,,,,,,,,,,,,,,,,,,,,,,,,,,,,,,,,,,,,,,,,,,,,,,,,,,,,,,,0.6561165104968814,0.6929685291685709,0.690546070306783,0.7142555231797876,0.7509754557630481,0.7345756470237041,0.7619386011026547,0.72838873464169,0.7294005140790562,0.8337062563896644,0.841871818376345,0.8140016537178271,0.9254611785777498,1.0026205879944312,0.8213112978514876,0.860805038291757,0.943512063422456,0.9226213276765264,0.9145429425082092,0.975764844495048,0.9031386296332498,0.846473697697211,0.8520873564554433,0.7649977149106701,0.8019395521224914,0.8766342351290877,0.936358280873142,1.0807283755260328,1.063932308521402,1.0524408188280792,
commodity_prices.natgas_residential.dollar_per_megajoule.csv,,,,,,,,,,,,,,,,,,,,,,,,,,,,,,,,,,,,,,,,,,,,,,,,,,,,,,,,,,,,,,,,,,,,,,,,,,,,,,,,,,,,,,,,,,,,,,,,,,,,,,0.0009665082584413,0.0009665082584413,0.0009758016070801,0.0010129750016356,0.0010687350934687,0.0011244951853019,0.0011988419744128,0.0013289488553568,0.0015891626172448,0.001840083030494,0.0021839369301318,0.0023790972515479,0.0027694178943799,0.0034199522991001,0.0039868465660705,0.00480466124629,0.0056317692751485,0.0056875293669816,0.0056875293669816,0.0054180222564547,0.0051485151459278,0.0050834617054558,0.0052414486323164,0.0053901422105382,0.0054087289078159,0.0054737823482879,0.0057247027615371,0.0059570364775086,0.0056317692751485,0.0058919830370365,0.0064495839553681,0.0063380637717018,0.0062172502393966,0.0072116385437545,0.0089494947392212,0.0073324520760597,0.0089494947392212,0.0099903497867734,0.0118025527713509,0.0127597676811533,0.0121557000196275,0.0129084612593751,0.0112821252475748,0.0105851240996603,0.0102505635486614,0.0098974163003848,0.0095907357953024,0.0101948034568283,0.0096464958871356,0.0093398153820532,0.0101390433649951,0.0097580160708019,0.0097673094194407,0.0100182298326899,0.0113192986421302,0.013707689242317,0.0141537699769822,,
commodity_prices.semen_conventional.dollar_per_straw.csv,,,,,,,,,,,,,,,,,,,,,,,,,,,,,,,,,,,,,,,,,,,,,,,,,,,,,,,,,,,,,,,,,,,,,,,,,,,,,,,,,,,,,,,,,,,,,,,,,,,,,,,,,,,,,,,,,,,,,,,,,,,,,,,,,,,,,,,,,,,,,,,,,,,,,,,,,,,,,15,,,
commodity_prices.calf_ heifer_2.dollar_per_kilogram.csv,,,,,,,,,,,,,,,,,,,,,,,,,,,,,,,,,,,,,,,,,,,,,,,,,,,,,,,,,,,,,,,,,,,,,,,,,,,,,,,,,,,,,,,,,,,,,,,,,,,,,,,,,,,,,,,,,,,,,,,,,,,,,,,,,,,,,,,,,,,,,,,,,,,,,,,,2.08006,1.1142,0.636856,0.643218,0.513034,0.876338,1.8,7.86384,9.31564
commodity_prices.soybean_hulls.dollar_per_kilogram.csv,,,,,,,,,,,,,,,,,,,,,,,,,,,,,,,,,,,,,,,,,,,,,,,,,,,,,,,,,,,,,,,,,,,,,,,,,,,,,,,,,,,,,,,,,,,,,,,,,,,,,,,,,,,,,,,,,,,,,,,,,,,,,,,,,,,,,,,,,,,,,,,,,,,,,,,,0.12099,0.135434,0.139022,0.148417,0.180407,0.227495,0.193953,0.136762,0.140027
commodity_prices.net_fertilizer_sulfate_of_ammonium.dollar_per_kilogram.csv,,,,,,,,,,,,,,,,,,,,,,,,,,,,,,,,,,,,,,,,,,,,,,,,,,,,,,,,,,,,,,,,,,,,,,,,,,,,,,,,,,,,,,,,,,,,,,,0.063768691060809,0.0643198465583095,0.062721495615558,0.057320171740053,0.0579815583370536,0.0586429449340542,0.0581469049863037,0.0604066425260558,0.0591389848818047,0.0579264427873035,0.0575957494888032,0.0567139006928024,0.0579264427873035,0.0632175355633084,0.1361354078826259,0.1504654508176392,0.1063730110175984,0.112435721490104,0.1218053649476126,0.1328284748976228,0.1543235393001427,0.1722360929689093,0.1782988034414149,0.1609374052701488,0.1681024267376555,0.1689291599839062,0.1653466492501529,0.1570793167876453,0.1576304722851458,0.169755893230157,0.168653582235156,0.167551271240155,0.1681024267376555,0.1747162927076616,0.1851882471601713,0.2006206010901856,0.2028252230801876,0.2039275340751886,0.2061321560651907,0.1884951801451743,0.1840859361651703,0.2116437110401958,0.2061321560651907,0.2149506440251988,0.225973753975209,0.2689638827802488,0.2932147246702712,0.3174655665602937,0.4310035990453987,0.4166735561103855,0.3593533843703324,0.4662775508854313,0.5544624304855129,0.5754063393905323,0.5875317603355436,0.479902114783644,0.3894464745338603,0.3727574860695448,0.4017592883480217,0.4099825283707293,0.3756234946565475,0.5471430854787062,0.9002353433974327,,,
commodity_prices.milk_nonfat_dry.dollar_per_kilogram.csv,,,,,,,,,,,,,,,,,,,,,,,,,,,,,,,,,,,,,,,,,,,,,,,,,,,,,,,,,,,,,,,,,,,,,,,,,,,,,,,,,,,,,,,,,,,,,,,,,,,,,,,,,,,,,,,,,,,,,,,,,,,,,,,,,,,,,,,,,,,,,,,,,,,,,,,,1.68213,1.7515,2.26208,2.2965,2.79826,3.71494,2.61382,2.7382,3.0426
commodity_prices.corn_grain.dollar_per_kilogram.csv,0.0258651234203377,0.0307468209912995,0.0242903822684146,0.0285421833786071,0.020511003503799,0.0182669973623085,0.0150781465296641,0.019014999409472,0.0252352269595685,0.016495413566395,0.0142120388961064,0.0140545647809141,0.0123223495137986,0.0143301444825006,0.0153537262312507,0.0247234360851935,0.0189362623518759,0.0164560450375969,0.0137396165505295,0.0126766662729813,0.0140545647809141,0.0170859414983662,0.013030983032164,0.0108263454194716,0.019526790283847,0.0156686744616353,0.0154718318176449,0.0142120388961064,0.0177552064879335,0.0099208692571158,0.0084248651627888,0.0102358174875004,0.0112200307074524,0.0117318215818274,0.0137789850793275,0.0236211172788472,0.0157867800480296,0.016495413566395,0.0171646785559623,0.01598362269202,0.0153930947600488,0.0198811070430298,0.0255895437187512,0.0226762725876933,0.0187000511790874,0.0255501751899531,0.0201173182158182,0.0259438604779339,0.026495019881107,0.0256289122475493,0.044486437541829,0.0547222550293295,0.0570843667572142,0.0566906814692335,0.0212590055509625,0.0182669973623085,0.0270855478130782,0.0299200818865399,0.0401558993740404,0.0257470178339435,0.0281484980906263,0.0316522971536553,0.0314160859808669,0.0300775560017322,0.0216526908389433,0.0115743474666351,0.011495610409039,0.0194480532262509,0.0315735600960592,0.0248809102003858,0.0405495846620211,0.0192905791110586,0.0184638400062989,0.0213377426085587,0.0236604858076453,0.028975237195386,0.0351954647454824,0.0425180111019251,0.0405495846620211,0.0484232904216369,0.0602338490610605,0.0850360222038502,0.0503917168615408,0.0488169757096177,0.0598401637730798,0.0653517578048108,0.0598401637730798,0.0582654226211566,0.0562969961812527,0.0531475138774064,0.0507854021495216,0.0436990669658674,0.0440927522538482,0.0413369552379827,0.0393685287980788,0.0433053816778867,0.0440927522538482,0.0436990669658674,0.0460611786937522,0.0456674934057714,0.0488169757096177,0.0405495846620211,0.0425180111019251,0.0456674934057714,0.0523601433014448,0.0425180111019251,0.0618085902129837,0.1003897484351009,0.118892956970198,0.0999960631471202,0.0846423369158694,0.0795244281721192,0.0885791897956773,0.0992086925711586,0.1224361245620251,0.098421321995197,0.1003897484351009,0.126372977441833,0.1035392307389472,0.0877918192197157,0.0590527931971182,0.0763749458682729,0.0999960631471202,0.092909727963466,0.0897602456596197,0.0933034132514468,0.0814928546120231,0.098421321995197,0.0889728750836581,0.1275540333057754,0.1066887130427935,0.0956655249793315,0.0763749458682729,0.0716507224125034,0.0728317782764458,0.0775560017322152,0.0913349868115428,0.0952718396913507,0.0810991693240423,0.0787370575961576,0.1196803275461596,0.165347820951931,0.1598362269202,0.1397582772331798,0.2039289791740482,0.2448722491240502,0.271249163418763,0.1755836384394315,0.1456635565528916,0.1421203889610645,0.1322782567615448,0.1322782567615448,0.1421203889610645,0.1401519625211606,0.178339435455297,0.2362111727884729,0.2574701783394355,0.1791268060312586,,
commodity_prices.net_fertilizer_phosphorus.dollar_per_kilogram.csv,,,,,,,,,,,,,,,,,,,,,,,,,,,,,,,,,,,,,,,,,,,,,,,,,,,,,,,,,,,,,,,,,,,,,,,,,,,,,,,,,,,,,,,,,,,,,,,0.2017118889752366,0.2036409332164884,0.2037401412060385,0.2100233138775443,0.2093729503904937,0.2106516311446948,0.2214873482255549,0.2307688068034634,0.2203078754609038,0.2156120306221994,0.2222369197021556,0.2275059662582604,0.2352882818829676,0.265965596873846,0.4808390791293948,0.5547600544541632,0.4450911335615117,0.45398678329117,0.4675782778595325,0.5538561594382624,0.6709215871073706,0.6368160849220391,0.5792203354332359,0.5519712076368106,0.5797604678207864,0.5244024096518352,0.4848184218213485,0.5151429972938265,0.5690349818394265,0.549127245269708,0.5164216780480277,0.5394820240634491,0.5013641098563137,0.4657263953879308,0.532879181203393,0.6017185028412066,0.6682539944994682,0.6406741734045427,0.6261898069302293,0.6286369373391315,0.57293716276173,0.5814029112033379,0.5426566797290521,0.5971659584318525,0.6564923361828072,0.7292558849628247,0.8006084756692405,1.0415516129565636,1.9982693717378488,1.5470714352640311,1.2296389380335877,1.6175972927241964,1.7016374829830745,1.6254016545688037,1.492672387660731,1.4097675777267042,1.138323495207703,1.0828992983790515,1.2579132150553638,1.1388195351554533,1.028897082733952,1.785843019891202,2.298858556964676,,,
commodity_prices.cotton_seed.dollar_per_square_meter.csv,,,,,,,,,,,,,,,,,,,,,,,,,,,,,,,,,,,,,,,,,,,,,,,,,,,,,,,,,,,,,,,,,,,,,,,,,,,,,,,,,,,,,,,,,,,,,,,,,,,,,,,,,,,,,,,,,,,,,,,,,,,,,,,,,,,,0.00435646,0.00441577,0.00453438,0.00743787,0.00934552,0.0118586,0.00918984,0.0113446,0.0131929,0.0152439,0.0149103,0.0160075,0.0180807,0.0200106,0.0238728,0.0243646,0.0248934,0.0249131,0.0174036,0.017075,0.0168896,0.0165709,0.0208211,0.0203639,0.0211596,0.0236702,0.0253901,,
commodity_prices.elec_residential.dollar_per_kwh.csv,,,,,,,,,,,,,,,,,,,,,,,,,,,,,,,,,,,,,,,,,,,,,,,,,,,,,,,,,,,,,,,,,,,,,,,,,,,,,,,,,,,,,,,,,,,,,,,,,,,,,,,,,,,,,,,,,,,,,,,,,,,,,,,,,,,,,,,,0.0858,0.0844,0.0872,0.0895,0.0945,0.104,0.1065,0.1126,0.1151,0.1154,0.1172,0.1188,0.1213,0.1252,0.1265,0.1255,0.1289,0.1287,0.1301,0.1315,0.1366,0.1504,0.16,,
commodity_prices.bedding_manure_solids.dollar_per_head.csv,,,,,,,,,,,,,,,,,,,,,,,,,,,,,,,,,,,,,,,,,,,,,,,,,,,,,,,,,,,,,,,,,,,,,,,,,,,,,,,,,,,,,,,,,,,,,,,,,,,,,,,,,,,,,,,,,,,,,,,,,,,,,,,,,,,,,,,,,,,,,,,,,,,,,,,,,,,,53.22,,,,
commodity_prices.oat_seed.dollar_per_square_meter.csv,,,,,,,,,,,,,,,,,,,,,,,,,,,,,,,,,,,,,,,,,,,,,,,,,,,,,,,,,,,,,,,,,,,,,,,,,,,,,,,,,,,,,,,,,,,,,,,,,,,,,,,,,,,,,,,,,,,,,,,,,,,,,,,,,,,,,,,,,,,,0.00212263,0.00274534,0.00246611,0.00308634,0.0030987,0.00295785,0.00313576,0.00389438,0.00382272,0.00402287,0.00510272,0.00482843,0.00483338,0.0046011,0.00451708,0.00449979,0.00468511,0.00505577,0.00553021,,
commodity_prices.propane_wholesale.dollar_per_liter.csv,,,,,,,,,,,,,,,,,,,,,,,,,,,,,,,,,,,,,,,,,,,,,,,,,,,,,,,,,,,,,,,,,,,,,,,,,,,,,,,,,,,,,,,,,,,,,,,,,,,,,,,,,,,,,,,,,,,,,,,,,,,,,,,,,,,,,,,,,,,,,,,,,,,,,,,0.1543679548582584,0.2489009116581823,0.2563154321460555,0.2045749337588266,0.1675461839008191,0.3338222279753051,0.3347875131095443,0.2483421875041276,,
commodity_prices.sorghum_seed.dollar_per_square_meter.csv,,,,,,,,,,,,,,,,,,,,,,,,,,,,,,,,,,,,,,,,,,,,,,,,,,,,,,,,,,,,,,,,,,,,,,,,,,,,,,,,,,,,,,,,,,,,,,,,,,,,,,,,,,,,,,,,,,,,,,,,,,,,,,,,,,0.00133931,0.00148263,0.00162348,0.00150734,0.00166055,0.00156418,0.00156912,0.00163831,0.00115151,0.00120587,0.00131213,0.00132943,0.00138873,0.00163831,0.00184588,0.00187306,0.0026119,0.00337793,0.003457,0.00350889,0.00351136,0.0036794,0.00364727,0.00357561,0.00334827,0.0033804,0.0034916,0.00370905,0.00407476,,
farm_services.tractor_medium.dollar_per_hour.csv,,,,,,,,,,,,,,,,,,,,,,,,,,,,,,,,,,,,,,,,,,,,,,,,,,,,,,,,,,,,,,,,,,,,,,,,,,,,,,,,,,,,,,,,,,,,,,,,,,,,,,,,,,,,,,,,,,,,,,,,,,,,,,,,,,76.94048454,80.23602955,81.27501555,80.26872001,82.27781041,87.82752818,88.16618902,88.68278401,92.2386242,98.08278799,109.1271157,114.8597394,119.431736,133.8876349,120.6901214,128.8179162,141.4993197,145.176592,145.9008894,146.6784441,134.6764261,131.1503026,136.4890271,145.2124361,147.3699011,143.4645789,157.6563492,194.9876452,193.1281324,,
commodity_prices.steer_holstein_300.dollar_per_kilogram.csv,,,,,,,,,,,,,,,,,,,,,,,,,,,,,,,,,,,,,,,,,,,,,,,,,,,,,,,,,,,,,,,,,,,,,,,,,,,,,,,,,,,,,,,,,,,,,,,,,,,,,,,,,,,,,,,,,,,,,,,,,,,,,,,,,,,,,,,,,,,,,,,,,,,,,,,,2.37997,2.22456,2.13873,2.13709,2.43396,2.86248,4.16285,5.73829,6.06911
commodity_prices.distiller_grains_wet_65pct.dollar_per_kilogram.csv,,,,,,,,,,,,,,,,,,,,,,,,,,,,,,,,,,,,,,,,,,,,,,,,,,,,,,,,,,,,,,,,,,,,,,,,,,,,,,,,,,,,,,,,,,,,,,,,,,,,,,,,,,,,,,,,,,,,,,,,,,,,,,,,,,,,,,,,,,,,,,,,,,,,,,,,0.0438463,0.05238,0.0538509,0.0584675,0.077058,0.0951248,0.0920834,0.063201,0.0592272
commodity_prices.calcium_phosphate_di.dollar_per_kilogram.csv,,,,,,,,,,,,,,,,,,,,,,,,,,,,,,,,,,,,,,,,,,,,,,,,,,,,,,,,,,,,,,,,,,,,,,,,,,,,,,,,,,,,,,,,,,,,,,,,,,,,,,,,,,,,,,,,,,,,,,,,,,,,,,,,,,,,,,,,,,,,,,,,,,,,,,,,,,,,,,,7.814814815,
commodity_prices.rye_grain.dollar_per_kilogram.csv,0.0507854021495216,0.0578717373331758,0.0551159403173103,0.0374001023581748,0.0326758789024054,0.0291327113105783,0.0322821936144246,0.0342506200543285,0.0295263965985591,0.0374001023581748,0.0311011377504822,0.0255895437187512,0.0244084878548088,0.0255895437187512,0.0287390260225975,0.0342506200543285,0.0275579701586551,0.0226369040588952,0.0200779496870201,0.0257863863627416,0.0200779496870201,0.0194874217550489,0.0204716349750009,0.0181095232471161,0.023030589346876,0.0285421833786071,0.0194874217550489,0.0125979292153852,0.0145663556552891,0.0106295027754812,0.0086610763355773,0.0141726703673083,0.0141726703673083,0.0190937364670681,0.0188968938230778,0.0198811070430297,0.0206684776189913,0.0204716349750009,0.0261800716507223,0.0228337467028857,0.0218495334829337,0.0275579701586551,0.0281484980906263,0.0282666036770205,0.0285421833786071,0.0317310342112515,0.0249202787291838,0.0233849061060588,0.03196724538404,0.0329120900751938,0.0440927522538482,0.0681075548206763,0.0586591079091374,0.0570843667572142,0.057478052045195,0.0328333530175977,0.0246840675563954,0.0228337467028857,0.0372032597141844,0.030510609818511,0.032479036258415,0.0324396677296169,0.0321247194992323,0.0332270383055785,0.0170465729695681,0.0133459312625487,0.0105901342466832,0.0245265934412031,0.0283453407346167,0.0150781465296641,0.0318097712688476,0.0264556513523089,0.0126766662729813,0.0167709932679815,0.0157080429904334,0.0204716349750009,0.0229518522892799,0.038463052635723,0.0429116963899059,0.0535411991653871,0.0763749458682729,0.0897602456596197,0.0562969961812527,0.0472422345576945,0.0515727727254832,0.0598401637730798,0.0677138695326955,0.0507854021495216,0.0476359198456753,0.0417306405259635,0.0452738081177906,0.0421243258139443,0.0401558993740404,0.0393291602692807,0.0347230423999055,0.0397622140860596,0.0372819967717806,0.0425180111019251,0.0405495846620211,0.038463052635723,0.0417306405259635,0.0421243258139443,0.0401558993740404,0.0397622140860596,0.038974843510098,0.0353529388606747,0.0379118932325499,0.0751938900043305,0.0988150072831778,0.092909727963466,0.0972402661312547,0.0810991693240423,0.0783433723081768,0.0814928546120231,0.1035392307389472,0.1181055863942364,0.0944844691153891,0.085429707491831,0.0787370575961576,0.0799181134601,0.0582654226211566,0.0637770166528877,0.0992086925711586,0.0810991693240423,0.0822802251879847,0.0866107633557734,0.0936970985394275,0.1003897484351009,0.1062950277548128,0.1141687335144285,0.1456635565528916,0.1476319829927955,0.098421321995197,0.0893665603716389,0.1023581748750049,0.1125939923625054,0.1307035156096216,0.1153497893783709,0.1267666627298138,0.12991614503366,0.1307035156096216,0.1972363292783748,0.2499901578678005,0.1992047557182788,0.2039289791740482,0.3074682099129955,0.3027439864572261,0.3129798039447266,0.3047124128971301,0.2558954371875123,0.2015668674461635,0.1850320853509704,0.2468406755639541,0.2362111727884729,0.2106216290697216,0.2661312546750128,0.2822723514822251,0.260225975355301,,
commodity_prices.bedding_straw.dollar_per_head.csv,,,,,,,,,,,,,,,,,,,,,,,,,,,,,,,,,,,,,,,,,,,,,,,,,,,,,,,,,,,,,,,,,,,,,,,,,,,,,,,,,,,,,,,,,,,,,,,,,,,,,,,,,,,,,,,,,,,,,,,,,,,,,,,,,,,,,,,,,,,,,,,,,,,,,,,,,,,,53.22,,,,
farm_services.tractor_large.dollar_per_hour.csv,,,,,,,,,,,,,,,,,,,,,,,,,,,,,,,,,,,,,,,,,,,,,,,,,,,,,,,,,,,,,,,,,,,,,,,,,,,,,,,,,,,,,,,,,,,,,,,,,,,,,,,,,,,,,,,,,,,,,,,,,,,,,,,,,,140.3080742,146.9274516,148.0219118,144.9865081,148.8893777,161.2564247,160.8994946,160.9113006,168.4395616,180.9859943,204.8776557,217.0471384,226.2448587,258.5500077,224.9170962,243.2221349,272.0525195,279.1963761,279.8439665,280.3530496,250.2494679,240.5964467,252.4009492,271.1592873,273.4878048,262.2864839,292.3327672,370.667549,360.8161178,,
